barcode,0,1,2,3,4,5,6,7
AAGGTGACAGT,0.19577976523197316,0.2353544776119403,0.27911486255275464,0.02790748979666875,0.09121245828698554,0.004131545073288212,0.005728788977519942,0.0040412351176072015
AAGGTGACAGA,0.15134153158188932,0.18610074626865672,0.230409490133455,0.024083538625583704,0.06507230255839822,0.003114229954739858,0.004162436548223351,0.003678249927402962
AAGGTGACAGC,0.072759455934414,0.08768656716417911,0.10379833466408121,0.011104165900650807,0.028921023359288096,0.0013079765809907403,0.0025960841189267584,0.001911722001742329
ATGGCAGCACA,0.06670393143283027,0.004291044776119403,0.001825025664423406,0.002610582049490753,0.010011123470522803,0.0012041689158327452,0.00021754894851341551,0.00041138321556480497
AACGACCCATA,0.04434507173467486,0.0166044776119403,0.001026576936238166,0.0014339816891568923,0.006674082313681869,0.000788938255200764,0.00011602610587382161,0.00029038815216339174
AAAGAACCGGT,0.04341345258058506,0.0006529850746268657,0.0005703205201323143,0.0025002757657094535,0.00389321468298109,0.00020761533031599054,0.000145032632342277,0.00019359210144226117
AATGGCACAAT,0.04141047139929197,0.07621268656716418,0.0740276035131744,0.8034342023017245,0.3793103448275862,0.9180334675912469,0.6259173313995648,0.018173458522892268
AAGGTATCGTT,0.04038569032979318,0.001119402985074627,0.00866887190601118,0.0006618377026877965,0.00389321468298109,0.0002491383963791886,0.00011602610587382161,0.000338786177523957
AAGGTTACTTA,0.036705794671138436,0.06772388059701492,0.023953461845557203,0.016582711328455343,0.08064516129032258,0.0047751525972677825,0.0036258158085569255,0.4837624624915303
AACGATTCGTT,0.03586733743245761,0.001585820895522388,0.0003421923120793886,0.0006986064639482296,0.002224694104560623,0.00016609226425279243,0.00013052936910804932,0.00024199012680282644
ATGGCACCCTA,0.029532327184646916,0.0013059701492537314,0.001710961560396943,0.0009927565540316947,0.00389321468298109,0.0002491383963791886,0.003190717911530094,0.0002177911141225438
AAGGTGACAAT,0.028647288988261597,0.03731343283582089,0.036728641496521046,0.0036033386035224475,0.012235817575083427,0.0005190383257899764,0.0009282088469905729,0.0006533733423676314
AAGGTGACACT,0.026178498229923606,0.034235074626865675,0.03741302612067982,0.0028679633783137847,0.00778642936596218,0.0005813229248847735,0.0008121827411167512,0.0007259703804084793
AAGGTGACAAC,0.018119992547046767,0.02164179104477612,0.02623474392608646,0.0020958193918446887,0.0055617352614015575,0.000394469127600382,0.0005946337926033357,0.0005565772916465008
ATAGTACCAAC,0.015697782746413265,0.015485074626865672,0.015284589939546026,0.016435636283413612,0.08620689655172414,0.004712867998172985,0.3079767947788252,0.0040654341302874845
AAGGTGACACC,0.014626420719209988,0.01623134328358209,0.02178624386905441,0.0017649005405007906,0.0033370411568409346,0.00020761533031599054,0.0004060913705583756,0.0002661891394831091
AAGGTGACACA,0.011458915595304639,0.012126865671641791,0.018820577164366373,0.0012869066441151599,0.005005561735261402,0.00014533073122119337,0.0003770848440899202,0.0002661891394831091
AAGGTGACAGG,0.009921743991056456,0.014179104477611941,0.016767423291890043,0.001617825495459058,0.00389321468298109,0.00029066146244238674,0.00039158810732414795,0.0002177911141225438
ACCGCCACATC,0.008990124836966647,0.002238805970149254,0.0003421923120793886,0.0005883001801669301,0.0011123470522803114,0.0003114229954739858,0.000290065264684554,2.4199012680282646e-05
AACGGATCGTG,0.00810508664058133,0.014552238805970149,0.014258013003307859,0.020664043828363423,0.1067853170189099,0.004193829672383009,0.002248005801305294,0.4549414383893137
AAGGTGACATC,0.0058226197130613,0.005970149253731343,0.00958138473822288,0.0006618377026877965,0.002224694104560623,0.00010380766515799527,0.000145032632342277,0.00024199012680282644
ACTGAAGCACA,0.0057294577976523195,0.0,0.00011406410402646287,0.0,0.0,2.0761533031599053e-05,1.4503263234227701e-05,0.0
ATCGTAGCCCC,0.0054033910937208865,0.0732276119402985,0.007756359073799475,0.0014339816891568923,0.01557285873192436,0.00033218452850558485,4.35097897026831e-05,0.00029038815216339174
AAGGTGACATT,0.005356810136016396,0.007462686567164179,0.007984487281852401,0.0005883001801669301,0.0011123470522803114,0.0001245691981895943,0.000290065264684554,9.679605072113058e-05
AAGGTGACAAG,0.005170486305198435,0.006063432835820896,0.008897000114064104,0.000551531418906497,0.0016685205784204673,0.00010380766515799527,0.00013052936910804932,7.259703804084793e-05
AGTGGGACCGT,0.005170486305198435,0.0013059701492537314,0.0004562564161058515,0.00022061256756259883,0.0005561735261401557,8.304613212639621e-05,1.4503263234227701e-05,2.4199012680282646e-05
AGTGGGACCGA,0.0044251909819265885,0.001119402985074627,0.0,0.00022061256756259883,0.0005561735261401557,0.0,1.4503263234227701e-05,7.259703804084793e-05
ACCGCTACACA,0.004145705235699646,0.003171641791044776,0.0007984487281852401,0.0007721439864690958,0.01557285873192436,0.00014533073122119337,1.4503263234227701e-05,2.4199012680282646e-05
AAGGTGACAAA,0.003726476616359232,0.0052238805970149255,0.005018820577164366,0.0007353752252086627,0.0016685205784204673,6.228459909479716e-05,0.00023205221174764322,0.00012099506340141322
AAGGTGACACG,0.0035867337432457613,0.0046641791044776115,0.005018820577164366,0.00036768761260433136,0.0027808676307007787,4.1523066063198107e-05,0.0001740391588107324,7.259703804084793e-05
AGGGTAGCCTA,0.0025619526737469724,0.0010261194029850746,0.0011406410402646286,0.0004779938963856308,0.0011123470522803114,8.304613212639621e-05,4.35097897026831e-05,4.839802536056529e-05
AAGGTGACATG,0.002515371716042482,0.0023320895522388058,0.0031937949127409603,0.00033091885134389824,0.0,2.0761533031599053e-05,4.35097897026831e-05,7.259703804084793e-05
AAGGTGACAGN,0.0023290478852245203,0.0033582089552238806,0.0037641154328732747,0.00025738132882303195,0.0011123470522803114,2.0761533031599053e-05,7.25163161711385e-05,9.679605072113058e-05
AAGGCCACTAT,0.0017700763927706354,0.00018656716417910448,0.0003421923120793886,7.353752252086627e-05,0.0,8.304613212639621e-05,0.0001595358955765047,2.4199012680282646e-05
AGTGGGACCGC,0.0016769144773616546,0.0004664179104477612,0.00011406410402646287,7.353752252086627e-05,0.0005561735261401557,4.1523066063198107e-05,0.0,0.0
AACGTGTCCTC,0.0013508477734302216,0.00027985074626865673,0.00011406410402646287,0.0,0.0005561735261401557,2.0761533031599053e-05,0.0,0.0007259703804084793
AATGATCCGCT,0.0010247810694987889,0.0,0.0,0.0,0.0,0.0,1.4503263234227701e-05,0.0
AAGGTGACATA,0.000931619154089808,0.0013059701492537314,0.001825025664423406,0.00022061256756259883,0.0011123470522803114,0.0,1.4503263234227701e-05,2.4199012680282646e-05
AAGGAGACAGT,0.0008384572386808273,0.0009328358208955224,0.000912512832211703,7.353752252086627e-05,0.0,0.0,0.0,7.259703804084793e-05
AAGGTGACAAN,0.0007918762809763369,0.0006529850746268657,0.0012547051442910915,7.353752252086627e-05,0.0,0.0,5.8013052936910804e-05,4.839802536056529e-05
AACGACCCATG,0.000698714365567356,0.00037313432835820896,0.0,3.6768761260433134e-05,0.0,8.304613212639621e-05,0.0,2.4199012680282646e-05
AATGGCACATT,0.000698714365567356,0.0008395522388059701,0.001026576936238166,0.007464058535867926,0.0033370411568409346,0.010339243449736328,0.006323422770123278,0.00014519407608169587
AAGGTGACACN,0.000698714365567356,0.0008395522388059701,0.001026576936238166,0.00011030628378129941,0.0005561735261401557,4.1523066063198107e-05,5.8013052936910804e-05,4.839802536056529e-05
AGCGATACCCC,0.0006521334078628657,0.0008395522388059701,0.00011406410402646287,0.00011030628378129941,0.0,6.228459909479716e-05,0.0,2.4199012680282646e-05
AAGGTCACAGT,0.0006055524501583753,0.0004664179104477612,0.0012547051442910915,3.6768761260433134e-05,0.0,0.0,1.4503263234227701e-05,2.4199012680282646e-05
AACGACCCATC,0.0006055524501583753,9.328358208955224e-05,0.0,3.6768761260433134e-05,0.0,0.0,1.4503263234227701e-05,0.0
AGTGGGACCCT,0.0006055524501583753,0.00018656716417910448,0.0,7.353752252086627e-05,0.0,0.0,0.0,0.0
AAAGGACCACT,0.0006055524501583753,0.0008395522388059701,0.00022812820805292574,3.6768761260433134e-05,0.0,2.0761533031599053e-05,2.9006526468455402e-05,2.4199012680282646e-05
AGTGGGACCAT,0.0005589714924538849,0.00027985074626865673,0.0,0.0,0.0,0.0,1.4503263234227701e-05,0.0
AGTGGGACCAC,0.0005123905347493944,9.328358208955224e-05,0.0,0.0,0.0,0.0,0.0,0.0
AACGACCCATT,0.000465809577044904,9.328358208955224e-05,0.0,7.353752252086627e-05,0.0005561735261401557,0.0,0.0,0.0
AAGGAGACAGC,0.00041922861934041365,0.0004664179104477612,0.0003421923120793886,0.00011030628378129941,0.0,0.0,1.4503263234227701e-05,2.4199012680282646e-05
AAGGCAGCACA,0.00041922861934041365,0.0,0.0,3.6768761260433134e-05,0.0,0.0,0.0,0.0
AAGGAGACAGA,0.00041922861934041365,0.0004664179104477612,0.0005703205201323143,0.0,0.0005561735261401557,4.1523066063198107e-05,2.9006526468455402e-05,0.0
AAGGTAACAGT,0.00041922861934041365,9.328358208955224e-05,0.0003421923120793886,3.6768761260433134e-05,0.0,0.0,0.0,4.839802536056529e-05
AAGGAGACAAC,0.0003726476616359232,9.328358208955224e-05,0.0,0.0,0.0005561735261401557,0.0,0.0,0.0
ACCGAATCTTG,0.0003726476616359232,0.0,0.0,0.0,0.0,0.0,0.0,2.4199012680282646e-05
AAGGAGACAAT,0.00032606670393143286,0.0004664179104477612,0.0003421923120793886,7.353752252086627e-05,0.0,0.0,1.4503263234227701e-05,2.4199012680282646e-05
AACGAACCATA,0.00032606670393143286,9.328358208955224e-05,0.0,0.0,0.0,0.0,0.0,0.0
AAGGTTACAGT,0.00032606670393143286,0.0,0.00022812820805292574,0.0,0.0,0.0,1.4503263234227701e-05,2.4199012680282646e-05
AAAGGAACGTC,0.00032606670393143286,9.328358208955224e-05,0.0,0.0,0.0,0.0,0.0,0.0
AAGGTTACATA,0.00027948574622694243,0.00027985074626865673,0.0004562564161058515,7.353752252086627e-05,0.0,2.0761533031599053e-05,0.0,0.0016455328622592199
AACGATTCGCT,0.00027948574622694243,0.0,0.0,0.0,0.0,6.228459909479716e-05,0.0,0.0
AAGGTCACAGA,0.00027948574622694243,0.0006529850746268657,0.00022812820805292574,0.00011030628378129941,0.0,0.0,0.0,0.0
AAGGTCACAAT,0.00027948574622694243,0.00018656716417910448,0.00022812820805292574,0.0,0.0005561735261401557,0.0,1.4503263234227701e-05,0.0
ACCGCCACACC,0.00027948574622694243,9.328358208955224e-05,0.0,0.0,0.0,0.0,0.0,0.0
AAGGCGACATG,0.000232904788522452,0.0004664179104477612,0.00011406410402646287,0.0,0.0,0.0,1.4503263234227701e-05,0.0
AGTGGGACCCA,0.000232904788522452,0.0,0.0,3.6768761260433134e-05,0.0,0.0,0.0,0.0
AATGGCACCAT,0.000232904788522452,9.328358208955224e-05,0.0,0.0028679633783137847,0.0027808676307007787,0.0033633683511190464,0.0019144307469180567,4.839802536056529e-05
AATGGCACGAT,0.000232904788522452,0.0005597014925373135,0.00022812820805292574,0.004118101261168511,0.0011123470522803114,0.0047751525972677825,0.00397389412617839,9.679605072113058e-05
AAGGAGACACC,0.000232904788522452,9.328358208955224e-05,0.00011406410402646287,3.6768761260433134e-05,0.0,0.0,0.0,7.259703804084793e-05
AAAGTGACAGT,0.000232904788522452,0.00027985074626865673,0.0,0.0,0.0,0.0,0.0,0.0
AAGGTATCGGT,0.000232904788522452,0.0,0.00011406410402646287,0.0,0.0,0.0,0.0,0.0
AAGGCGACAGT,0.000232904788522452,0.0,0.00011406410402646287,3.6768761260433134e-05,0.0,0.0,0.0,0.0
AGAGAAACGAA,0.0001863238308179616,0.00018656716417910448,0.0,0.0,0.0,0.0,0.0,0.0
ATAGCAGCACA,0.0001863238308179616,0.0,0.0,0.0,0.0,0.0,0.0,0.0
ATGGGACCCTA,0.0001863238308179616,0.0,0.0,0.0,0.0,0.0,1.4503263234227701e-05,0.0
AAGGAGACACT,0.0001863238308179616,0.00018656716417910448,0.0003421923120793886,0.0,0.0,0.0,0.0,0.0
ACGGTGACAGT,0.0001863238308179616,0.0,0.0,3.6768761260433134e-05,0.0,2.0761533031599053e-05,0.0,0.0
AGTGGGACCGG,0.0001863238308179616,0.0,0.00011406410402646287,3.6768761260433134e-05,0.0,0.0,0.0,0.0
AACGATTCCTT,0.0001863238308179616,0.0,0.0,0.0,0.0,0.0,0.0,0.0
AAGGCCCCCTT,0.0001863238308179616,0.0006529850746268657,0.00011406410402646287,0.0,0.0,0.0,1.4503263234227701e-05,0.0
AAGGTGGCAGA,0.00013974287311347122,0.00018656716417910448,0.00011406410402646287,0.0,0.0,0.0,0.0,0.0
AAGGTAACAGA,0.00013974287311347122,9.328358208955224e-05,0.0004562564161058515,0.0,0.0,0.0,0.0,0.0
AAGGTATCGTA,0.00013974287311347122,0.0,0.0,0.0,0.0,0.0,0.0,0.0
AATGGCACTAT,0.00013974287311347122,0.00018656716417910448,0.0007984487281852401,0.005294701621502372,0.005005561735261402,0.0059793215131005275,0.004075416968817984,9.679605072113058e-05
AAGGCGACAGA,0.00013974287311347122,0.00018656716417910448,0.0,0.0,0.0,0.0,0.0,0.0
AAGTTGACATT,0.00013974287311347122,9.328358208955224e-05,0.0,0.0,0.0,0.0,0.0,0.0
ACAGCCACGGT,0.00013974287311347122,0.00018656716417910448,0.0,0.0,0.0,0.0,0.0,0.0
ACCGAAGCAAT,0.00013974287311347122,0.0,0.0,0.0,0.0,0.0,0.0,0.0
ATGGCTTCAAA,0.00013974287311347122,0.0004664179104477612,0.0006843846241587772,0.0023899694819281537,0.002224694104560623,0.003218037619897853,0.0008846990572878898,0.00014519407608169587
ATGGCAGCTCA,0.00013974287311347122,0.0,0.0,0.0,0.0,0.0,0.0,0.0
AACGATTCCAG,0.00013974287311347122,0.00037313432835820896,0.0,0.0,0.0,0.0,0.0,2.4199012680282646e-05
AATGGCACAAC,0.00013974287311347122,0.0,0.00011406410402646287,0.001323675405375593,0.0,0.0012456919818959432,0.0009137055837563451,0.0
AAGATGACAAC,0.00013974287311347122,0.0,0.0,0.0,0.0,0.0,0.0,0.0
AGTGGGACCCC,0.00013974287311347122,9.328358208955224e-05,0.0,3.6768761260433134e-05,0.0,0.0,0.0,0.0
AAAGTGACAGA,0.00013974287311347122,0.00018656716417910448,0.0,0.0,0.0,0.0,1.4503263234227701e-05,0.0
ATCGACCCATA,0.00013974287311347122,0.0,0.0,0.0,0.0,0.0,0.0,0.0
AGTGGGACCTC,0.00013974287311347122,0.0,0.0,0.0,0.0,0.0,0.0,0.0
AAGGAGACATG,0.00013974287311347122,9.328358208955224e-05,0.00011406410402646287,0.0,0.0,0.0,0.0,0.0
AACGCCCCATA,0.00013974287311347122,0.0,0.0,0.0,0.0,0.0,1.4503263234227701e-05,0.0
AAAGGCACAAT,0.00013974287311347122,0.0008395522388059701,0.0005703205201323143,0.005184395337721072,0.0027808676307007787,0.004878960262425777,0.0036693255982596083,9.679605072113058e-05
AAGGAGACATC,0.00013974287311347122,9.328358208955224e-05,0.00011406410402646287,0.0,0.0,4.1523066063198107e-05,0.0,2.4199012680282646e-05
ACCGCCACAAC,0.00013974287311347122,0.0,0.0,0.0,0.0,0.0,2.9006526468455402e-05,0.0
ACCGCGTCCAC,0.00013974287311347122,0.00018656716417910448,0.0,0.0,0.0,0.0,0.0,0.0
AAGGCGACACT,0.00013974287311347122,0.0,0.0,0.0,0.0,0.0,0.0,2.4199012680282646e-05
AAAGAATCGGT,0.00013974287311347122,0.0,0.0,0.0,0.0,0.0,0.0,0.0
AAGGAGACACG,0.00013974287311347122,0.0,0.0,0.0,0.0,0.0,0.0,0.0
AACGACCCAAA,0.00013974287311347122,0.0,0.0,0.0,0.0,0.0,0.0,2.4199012680282646e-05
AAGTTGACAGC,0.00013974287311347122,0.0,0.0,0.0,0.0,0.0,0.0,0.0
ATAGCACCCTA,0.00013974287311347122,0.0,0.0,0.0,0.0,0.0,1.4503263234227701e-05,2.4199012680282646e-05
AAGGAGACAGG,0.00013974287311347122,0.00018656716417910448,0.0003421923120793886,0.0,0.0,0.0,0.0,0.0
ACCGCCACAGC,0.00013974287311347122,0.0,0.0,0.0,0.0,0.0,0.0,0.0
AAGGTATCTTT,9.31619154089808e-05,0.0,0.0,0.0,0.0,0.0,0.0,0.0
AAGGACACAGC,9.31619154089808e-05,0.0,0.0,0.0,0.0,0.0,0.0,0.0
ATAGATACGAA,9.31619154089808e-05,9.328358208955224e-05,0.0,0.0,0.0,0.0,0.0,0.0
ACGGCAGCACA,9.31619154089808e-05,0.0,0.0,0.0,0.0,0.0,0.0,0.0
AAGGCGACAGC,9.31619154089808e-05,0.0,0.0,0.0,0.0,0.0,0.0,0.0
AATGACACAAT,9.31619154089808e-05,0.00018656716417910448,0.0,0.0012501378828547267,0.0016685205784204673,0.0012872150479591414,0.0007396664249456128,2.4199012680282646e-05
AGTGGGCCGCA,9.31619154089808e-05,0.0,0.0,7.353752252086627e-05,0.0,0.0,0.0,0.0
AAGGTCACACT,9.31619154089808e-05,0.00027985074626865673,0.00022812820805292574,0.0,0.0,0.0,0.0,0.0
AAGGTATCCTT,9.31619154089808e-05,0.0,0.0,0.0,0.0,0.0,0.0,0.0
ACGGTATCGTT,9.31619154089808e-05,0.0,0.0,0.0,0.0,0.0,0.0,0.0
AATGGCCCGAT,9.31619154089808e-05,0.0,0.0,0.0,0.0,0.0,0.0,0.0
ACAGGAACTTA,9.31619154089808e-05,9.328358208955224e-05,0.0,0.0,0.0005561735261401557,0.0,0.0,0.0
AAGGTTACTTG,9.31619154089808e-05,0.00037313432835820896,0.0,3.6768761260433134e-05,0.0,2.0761533031599053e-05,1.4503263234227701e-05,0.0015487368115380893
AAGCTGACAAT,9.31619154089808e-05,0.0,0.00011406410402646287,0.0,0.0,0.0,0.0,0.0
AAGGTGACATN,9.31619154089808e-05,0.00018656716417910448,0.0003421923120793886,3.6768761260433134e-05,0.0,2.0761533031599053e-05,0.0,0.0
AAGGTATCATT,9.31619154089808e-05,0.0,0.00011406410402646287,0.0,0.0,0.0,0.0,0.0
AAAGTGGCAGA,9.31619154089808e-05,0.0,0.0,0.0,0.0,0.0,0.0,0.0
AACGGAGCCTT,9.31619154089808e-05,0.0005597014925373135,0.0003421923120793886,3.6768761260433134e-05,0.0,0.0,0.0,0.0
ATAGTAGCCCC,9.31619154089808e-05,0.00027985074626865673,0.0,0.0,0.0,0.0,0.0,0.0
AGTGCTGCCAA,9.31619154089808e-05,9.328358208955224e-05,0.0,0.0,0.0,0.0,0.0,0.0
AAGGCGACATC,9.31619154089808e-05,0.0,0.0,3.6768761260433134e-05,0.0,0.0,0.0,0.0
AAGGGGACAGT,9.31619154089808e-05,0.0,0.00011406410402646287,0.0,0.0,0.0,0.0,0.0
ATCGTAACACG,9.31619154089808e-05,0.0,0.00011406410402646287,0.0,0.0,0.0,0.0,0.0
ACCGTCACATC,9.31619154089808e-05,9.328358208955224e-05,0.0,0.0,0.0,0.0,0.0,0.0
AAGGTCACATT,9.31619154089808e-05,0.0,0.0,0.0,0.0005561735261401557,0.0,0.0,0.0
AAGGTGGCAGT,9.31619154089808e-05,9.328358208955224e-05,0.0,0.0,0.0,0.0,0.0,0.0
ACGGAAACAAA,9.31619154089808e-05,0.0,0.0,0.0,0.0,0.0,0.0,0.0
AAAGTCACCAA,9.31619154089808e-05,0.0,0.0,0.0,0.0,0.0,0.0,0.0
AAGGTATCGCT,9.31619154089808e-05,0.0,0.0,0.0,0.0,0.0,0.0,0.0
AATGTGACAGC,9.31619154089808e-05,0.0,0.0,0.0,0.0,0.0,0.0,0.0
AAGGTATCGAT,9.31619154089808e-05,0.0,0.0,0.0,0.0,0.0,0.0,0.0
AAGGTTACAAC,9.31619154089808e-05,9.328358208955224e-05,0.0,0.0,0.0,0.0,0.0,0.0
AAAGTTACTTA,9.31619154089808e-05,9.328358208955224e-05,0.0,0.0,0.0,0.0,0.0,4.839802536056529e-05
AAGGTGACANT,9.31619154089808e-05,9.328358208955224e-05,0.0,0.0,0.0005561735261401557,0.0,1.4503263234227701e-05,0.0
AAGGTGACCGA,9.31619154089808e-05,9.328358208955224e-05,0.0,0.0,0.0,0.0,0.0,0.0
AACGACCCACA,9.31619154089808e-05,0.00018656716417910448,0.0,0.0,0.0,0.0,0.0,0.0
ATAGCTACCAC,9.31619154089808e-05,0.0,0.0003421923120793886,3.6768761260433134e-05,0.0005561735261401557,6.228459909479716e-05,7.25163161711385e-05,2.4199012680282646e-05
AAGGTCACAGG,9.31619154089808e-05,0.0,0.0,0.0,0.0,0.0,0.0,0.0
AACGGCCCATA,9.31619154089808e-05,0.0,0.0,0.0,0.0,0.0,0.0,0.0
AAGATGACAAT,9.31619154089808e-05,9.328358208955224e-05,0.00011406410402646287,0.0,0.0,0.0,0.0,0.0
AGTGTCACGGG,9.31619154089808e-05,0.0,0.0,0.0,0.0,0.0,0.0,0.0
AAGGTTACATG,9.31619154089808e-05,0.0,0.0,0.0,0.0,0.0,0.0,2.4199012680282646e-05
ATGGTGACACC,9.31619154089808e-05,0.0,0.0,0.0,0.0,0.0,0.0,0.0
AACGCATCATG,9.31619154089808e-05,0.0,0.0012547051442910915,3.6768761260433134e-05,0.0,0.0,0.0,2.4199012680282646e-05
AATGTGACAGT,9.31619154089808e-05,9.328358208955224e-05,0.00011406410402646287,3.6768761260433134e-05,0.0,0.0,0.0,0.0
AACGCCTCATG,9.31619154089808e-05,0.0005597014925373135,0.0,0.0,0.0,6.228459909479716e-05,0.0,2.4199012680282646e-05
AAAGTGACACT,9.31619154089808e-05,0.00018656716417910448,0.0,0.0,0.0,0.0,0.0,0.0
ACCGGCACATC,9.31619154089808e-05,0.0,0.0,0.0,0.0,0.0,0.0,0.0
AAAGTGACAAT,9.31619154089808e-05,9.328358208955224e-05,0.0,0.0,0.0,0.0,0.0,0.0
AAGGAGACAAG,9.31619154089808e-05,0.0,0.0005703205201323143,0.0,0.0,0.0,0.0,0.0
AAGGAACCCAT,9.31619154089808e-05,0.00018656716417910448,0.0,0.0,0.0,0.0,0.0,0.0
AACGATTCGGT,9.31619154089808e-05,0.0,0.0,0.0,0.0,0.0,0.0,0.0
AATGGCACAGT,9.31619154089808e-05,0.0006529850746268657,0.0004562564161058515,0.00444902011251241,0.0027808676307007787,0.0061454137773533195,0.0041189267585206675,4.839802536056529e-05
AATGGCACACT,9.31619154089808e-05,0.00018656716417910448,0.0003421923120793886,0.0017649005405007906,0.0,0.001993107171033509,0.0016243654822335025,4.839802536056529e-05
AGTGGGACCAG,9.31619154089808e-05,9.328358208955224e-05,0.0,0.0,0.0,0.0,0.0,0.0
AGTGGGACCTA,9.31619154089808e-05,0.0,0.0,0.0,0.0,0.0,0.0,0.0
AGGGCAGCACA,9.31619154089808e-05,0.0,0.0,0.0,0.0,0.0,0.0,0.0
AAGATGACATG,9.31619154089808e-05,0.0,0.0,0.0,0.0,0.0,0.0,0.0
AAGGTCACAAC,9.31619154089808e-05,0.00018656716417910448,0.0005703205201323143,3.6768761260433134e-05,0.0,0.0,0.0,0.0
AACGTTTCCTC,9.31619154089808e-05,0.0,0.0,0.0,0.0,0.0,0.0,0.0
ACTGAATCCAA,4.65809577044904e-05,9.328358208955224e-05,0.0,0.0,0.0,0.0,0.0,0.0
AAGGCTCCCTT,4.65809577044904e-05,0.0,0.0,0.0,0.0,0.0,0.0,0.0
AAAGTGGCAGT,4.65809577044904e-05,0.0,0.0,0.0,0.0,0.0,0.0,0.0
ATGGTGACACA,4.65809577044904e-05,0.0,0.0,3.6768761260433134e-05,0.0,0.0,0.0,0.0
AAGGATTCGTT,4.65809577044904e-05,0.0,0.0,0.0,0.0,0.0,0.0,0.0
ATAGATTCCCA,4.65809577044904e-05,0.0,0.0,0.0,0.0,0.0,0.0,0.0
AGGGATTCGTT,4.65809577044904e-05,0.0,0.0,0.0,0.0,0.0,0.0,0.0
AATGCTGCACT,4.65809577044904e-05,0.0,0.0,0.0,0.0,0.0,0.0,0.0
AATGTGACAGA,4.65809577044904e-05,9.328358208955224e-05,0.0,0.0,0.0,0.0,0.0,0.0
AGCGAACCAAA,4.65809577044904e-05,0.0,0.0,0.0,0.0,0.0,0.0,0.0
AAGGTGACTCT,4.65809577044904e-05,0.0,0.0,0.0,0.0,0.0,0.0,0.0
AAGGTGTCAGT,4.65809577044904e-05,0.0,0.0,0.0,0.0,0.0,0.0,0.0
AGAGCTCCAAA,4.65809577044904e-05,0.0,0.0,0.0,0.0,0.0,0.0,0.0
AGTGATGCAGT,4.65809577044904e-05,0.0,0.0,0.0,0.0,2.0761533031599053e-05,0.0,0.0
AGTGAAACAAG,4.65809577044904e-05,0.0,0.0,0.0,0.0,0.0,0.0,0.0
AGCATNTCNTC,4.65809577044904e-05,0.0,0.0,0.0,0.0,0.0,0.0,0.0
AAGGTGACANN,4.65809577044904e-05,0.0,0.00022812820805292574,0.0,0.0,0.0,0.0,0.0
ATCGTCACATC,4.65809577044904e-05,0.0,0.0,0.0,0.0,0.0,0.0,0.0
ACCGCACCCGT,4.65809577044904e-05,0.0,0.0,0.0,0.0,0.0,0.0,0.0
AAAGTAGCAAG,4.65809577044904e-05,0.0,0.0,0.0,0.0,0.0,0.0,0.0
AACGTAGCCCC,4.65809577044904e-05,0.0,0.0,0.0,0.0,0.0,0.0,0.0
ATCGGCCCACA,4.65809577044904e-05,0.0,0.0,0.0,0.0,0.0,0.0,0.0
ATCGCAGCACA,4.65809577044904e-05,0.0,0.0,0.0,0.0,0.0,0.0,0.0
AACGATTCCAT,4.65809577044904e-05,9.328358208955224e-05,0.0,0.0,0.0,0.0,0.0,0.0
AGTGTGACACT,4.65809577044904e-05,0.0,0.0,0.0,0.0,0.0,0.0,0.0
AGTGGGACCAA,4.65809577044904e-05,0.0,0.0,0.0,0.0,0.0,0.0,0.0
AAGGTTACAAT,4.65809577044904e-05,9.328358208955224e-05,0.0,0.0,0.0,0.0,0.0,0.0
ATAGTTACTTA,4.65809577044904e-05,0.0,0.0,0.0,0.0,0.0,1.4503263234227701e-05,0.0
AACGTCCCATA,4.65809577044904e-05,0.0,0.0,0.0,0.0,0.0,0.0,0.0
ATGGCACCCAA,4.65809577044904e-05,0.0,0.00011406410402646287,0.0,0.0,0.0,1.4503263234227701e-05,0.0
AGAGTGTCTTA,4.65809577044904e-05,0.0,0.0,0.0,0.0,0.0,0.0,0.0
AGAGTGACTGT,4.65809577044904e-05,0.0,0.00022812820805292574,7.353752252086627e-05,0.0,4.1523066063198107e-05,2.9006526468455402e-05,0.0
AAAGTGACATC,4.65809577044904e-05,0.0,0.0,0.0,0.0,0.0,0.0,0.0
AATGCTCCTCA,4.65809577044904e-05,0.0,0.0,0.0,0.0,0.0,0.0,0.0
AAAGTATCGTT,4.65809577044904e-05,0.0,0.0,0.0,0.0,0.0,0.0,0.0
ATGGTATCGTT,4.65809577044904e-05,0.0,0.00022812820805292574,0.0,0.0,0.0,0.0,0.0
AATGGGACCGT,4.65809577044904e-05,0.0,0.0,0.0,0.0,0.0,0.0,0.0
AACGACCCATN,4.65809577044904e-05,0.0,0.0,0.0,0.0,0.0,0.0,0.0
AAGGTCACAGC,4.65809577044904e-05,0.00018656716417910448,0.00011406410402646287,0.0,0.0011123470522803114,0.0,2.9006526468455402e-05,0.0
AAAGTGGCACC,4.65809577044904e-05,0.0,0.0,0.0,0.0,0.0,0.0,0.0
AAGCTGACAAC,4.65809577044904e-05,0.0,0.0,0.0,0.0,0.0,0.0,0.0
ATCGAGTCGGT,4.65809577044904e-05,0.0,0.0,0.0,0.0,0.0,0.0,0.0
ACCGAGACCAC,4.65809577044904e-05,0.0,0.0,0.0,0.0,0.0,0.0,0.0
ATCGCAACCCC,4.65809577044904e-05,0.00027985074626865673,0.0,0.0,0.0,0.0,0.0,0.00019359210144226117
AACGATTCGAT,4.65809577044904e-05,0.0,0.0,0.0,0.0,0.0,0.0,0.0
AGCGTATCATA,4.65809577044904e-05,0.0,0.0,0.0,0.0,0.0,0.0,0.0
ATCGGATCGTG,4.65809577044904e-05,0.0,0.0,0.0,0.0,0.0,0.0,7.259703804084793e-05
ACGGTCGCGAA,4.65809577044904e-05,0.0,0.0,0.0,0.0,0.0,0.0,0.0
ATCGAGCCATA,4.65809577044904e-05,0.0,0.0,0.0,0.0,0.0,0.0,0.0
ATGGCTTCATA,4.65809577044904e-05,0.0,0.0,0.00022061256756259883,0.0011123470522803114,0.00010380766515799527,5.8013052936910804e-05,2.4199012680282646e-05
AACGGATCGTC,4.65809577044904e-05,0.0,0.00022812820805292574,3.6768761260433134e-05,0.0005561735261401557,0.0,2.9006526468455402e-05,0.0020569160778240248
AAGGAGACAAN,4.65809577044904e-05,0.00018656716417910448,0.0,0.0,0.0,0.0,0.0,0.0
AACGGATCCTG,4.65809577044904e-05,0.0,0.00022812820805292574,7.353752252086627e-05,0.0016685205784204673,2.0761533031599053e-05,1.4503263234227701e-05,0.0016697318749395024
ATGGCACCCGA,4.65809577044904e-05,0.0,0.0,0.0,0.0,0.0,1.4503263234227701e-05,0.0
AACGAGCCATA,4.65809577044904e-05,0.0,0.0,0.0,0.0,0.0,0.0,0.0
ACCGCCCCATC,4.65809577044904e-05,0.0,0.0,0.0,0.0,0.0,0.0,0.0
ACTGGAACCGA,4.65809577044904e-05,0.0,0.0,0.0,0.0,0.0,0.0,0.0
AGTGGGACCCG,4.65809577044904e-05,0.0,0.0,0.0,0.0,0.0,0.0,0.0
AACGACCCAAG,4.65809577044904e-05,0.0,0.0,0.0,0.0,0.0,0.0,0.0
ATCGCTTCGAA,4.65809577044904e-05,0.0,0.0,0.0,0.0,0.0,0.0,0.0
ATCGAGGCAAT,4.65809577044904e-05,0.0,0.0,0.0,0.0,0.0,0.0,0.0
ATGGTGACAGC,4.65809577044904e-05,0.0,0.0,0.0,0.0,0.0,0.0,0.0
AACGACCCAGA,4.65809577044904e-05,0.0,0.0,0.0,0.0,0.0,0.0,0.0
ACAGCAGCAGA,4.65809577044904e-05,0.0,0.0,0.0,0.0,0.0002491383963791886,0.0,4.839802536056529e-05
ATTGCAGCACA,4.65809577044904e-05,0.0,0.0,0.0,0.0,0.0,0.0,0.0
AGCGGGACCGA,4.65809577044904e-05,0.0,0.0,0.0,0.0,0.0,0.0,0.0
AAGGTGACTAT,4.65809577044904e-05,0.0,0.0,0.0,0.0,0.0,0.0,0.0
AACGAACCAAC,4.65809577044904e-05,0.0,0.0,0.0,0.0,0.0,0.0,0.0
AGAGAGTCAAT,4.65809577044904e-05,0.0,0.0,0.0,0.0,0.0,0.0,0.0
AGCGGTACCCC,4.65809577044904e-05,0.0,0.0,0.0,0.0,0.0,0.0,0.0
AAAGTGACACA,4.65809577044904e-05,0.0,0.0,0.0,0.0,0.0,0.0,0.0
ATCGGTTCTCC,4.65809577044904e-05,0.0,0.0,0.0,0.0,0.0,0.0,0.0
AAGGTAACAAG,4.65809577044904e-05,0.0,0.0,0.0,0.0,0.0,0.0,0.0
ATCGCCACATC,4.65809577044904e-05,0.0,0.0,0.0,0.0,0.0,0.0,0.0
ATCGCTTCACT,4.65809577044904e-05,0.0,0.0,0.0,0.0,0.0,0.0,0.0
AGTGACACAGA,4.65809577044904e-05,0.0,0.0,0.0,0.0,0.0,0.0,0.0
AAAGATTCGTT,4.65809577044904e-05,0.0,0.0,0.0,0.0,0.0,0.0,0.0
AGGGTGACAGA,4.65809577044904e-05,0.0,0.00011406410402646287,0.0,0.0,0.0,0.0,0.0
ACGGTATCCAA,4.65809577044904e-05,0.0,0.0,0.0,0.0,0.0,0.0,0.0
AAGTTGACACC,4.65809577044904e-05,0.0,0.0,0.0,0.0,0.0,0.0,0.0
AAAGTGACACC,4.65809577044904e-05,0.00018656716417910448,0.0,0.0,0.0,0.0,0.0,0.0
AAGGGGACACC,4.65809577044904e-05,0.00018656716417910448,0.0,0.0,0.0,0.0,0.0,0.0
ATGGTAGCACA,4.65809577044904e-05,0.0,0.0,0.0,0.0,0.0,0.0,0.0
ATGGTAGCGAT,4.65809577044904e-05,0.0,0.0,0.0,0.0,0.0,0.0,0.0
AGAGGCACAAT,4.65809577044904e-05,0.0,0.0,0.0,0.0,0.0,4.35097897026831e-05,0.0
AAAGAACCTGT,4.65809577044904e-05,0.0,0.0,0.0,0.0,0.0,0.0,0.0
ACGGCACCCTA,4.65809577044904e-05,0.0,0.0,0.0,0.0,0.0,0.0,0.0
AAGATGACAGC,4.65809577044904e-05,0.0,0.0,0.0,0.0,0.0,0.0,2.4199012680282646e-05
AGCGCCTCAAC,4.65809577044904e-05,9.328358208955224e-05,0.0,0.0,0.0,0.0,0.0,0.0
ATGGTTACTTA,4.65809577044904e-05,9.328358208955224e-05,0.0,3.6768761260433134e-05,0.0,0.0,2.9006526468455402e-05,0.0009921595198915884
AAGGTTACTTT,4.65809577044904e-05,9.328358208955224e-05,0.0,0.0,0.0,0.0,1.4503263234227701e-05,0.00045978124092537024
ATAGTACCAAG,4.65809577044904e-05,0.0,0.00011406410402646287,0.0,0.0,0.0,0.0002465554749818709,0.0
AATATTACGCC,4.65809577044904e-05,0.0,0.0,0.0,0.0,0.0,0.0,0.0
ATGGTTACATG,4.65809577044904e-05,0.0,0.0,0.0,0.0,0.0,0.0,0.0
ACTGTGACAGT,4.65809577044904e-05,0.0,0.0,0.0,0.0,0.0,0.0,0.0
AGGGTGACAGT,4.65809577044904e-05,9.328358208955224e-05,0.0,0.0,0.0,0.0,0.0,0.0
AAGGTGACTCA,4.65809577044904e-05,0.0,0.00011406410402646287,0.0,0.0,0.0,0.0,0.0
AGAGTGGCAGG,4.65809577044904e-05,0.0,0.0,0.0,0.0,0.0,0.0,0.0
AAGGAGACACN,4.65809577044904e-05,0.0,0.00011406410402646287,0.0,0.0,0.0,0.0,0.0
ATGGCATCCTA,4.65809577044904e-05,0.0,0.0,0.0,0.0,0.0,0.0,0.0
AGTGGAACCGA,4.65809577044904e-05,0.0,0.0,0.0,0.0,0.0,0.0,0.0
AAGGGGACATG,4.65809577044904e-05,0.0,0.00011406410402646287,0.0,0.0,0.0,0.0,0.0
AAGGTCACACA,4.65809577044904e-05,9.328358208955224e-05,0.0,0.0,0.0,2.0761533031599053e-05,0.0,0.0
AGAGTGACATT,4.65809577044904e-05,0.0,0.0,0.0,0.0,0.0,0.0,0.0
ACAGAATCGGT,4.65809577044904e-05,0.0,0.0,0.0,0.0,0.0,0.0,0.0
AGTGGAACCGC,4.65809577044904e-05,0.0,0.0,0.0,0.0,0.0,0.0,0.0
AAGGTATCTTA,4.65809577044904e-05,0.0,0.0,0.0,0.0,0.0,0.0,0.0
ATCGTTACACG,4.65809577044904e-05,0.0,0.0,0.0,0.0,0.0,0.0,0.0
AAGGCCTCTGT,4.65809577044904e-05,0.0,0.0,0.0,0.0,0.0,0.0,0.0
ACTGGGCCATA,4.65809577044904e-05,0.0,0.0,0.0,0.0,0.0,0.0,0.0
AAGGTGACCCA,4.65809577044904e-05,0.0,0.0,0.0,0.0,0.0,0.0,0.0
AAGCCGACAGG,4.65809577044904e-05,0.0,0.0,0.0,0.0,0.0,0.0,0.0
AAGGCCCCTAT,4.65809577044904e-05,0.0,0.0,0.0,0.0,0.0,0.0,0.0
AGTGTGACAGC,4.65809577044904e-05,0.0,0.0,0.0,0.0,0.0,0.0,0.0
AAGGTTACAGA,4.65809577044904e-05,0.0,0.00011406410402646287,0.0,0.0,0.0,0.0,0.0
ATGGCAGCACT,4.65809577044904e-05,0.0,0.0,0.0,0.0,0.0,0.0,0.0
ACAGGGGCACT,4.65809577044904e-05,0.0,0.0,0.0,0.0,0.0,0.0,0.0
AGGGATTCAAT,4.65809577044904e-05,0.0,0.0,0.0,0.0,0.0,0.0,0.0
ATGGTGACAAC,4.65809577044904e-05,0.0,0.0,0.0,0.0,0.0,0.0,0.0
ACTGATTCGTT,4.65809577044904e-05,0.0,0.0,0.0,0.0,0.0,0.0,0.0
AGCGATTCGTT,4.65809577044904e-05,0.0,0.0,0.0,0.0,0.0,0.0,0.0
AAGGGGACACT,4.65809577044904e-05,0.0,0.00011406410402646287,0.0,0.0,0.0,0.0,0.0
AAGGTAACAAC,4.65809577044904e-05,0.0,0.00011406410402646287,0.0,0.0,0.0,0.0,0.0
AGAGTGACAAC,4.65809577044904e-05,0.0,0.0,0.0,0.0,0.0,0.0,0.0
AAGATGACAAN,4.65809577044904e-05,0.0,0.0,0.0,0.0,0.0,0.0,0.0
ATGGTAACACA,4.65809577044904e-05,0.0,0.0,0.0,0.0,0.0,0.0,0.0
AAGGCACCCTA,4.65809577044904e-05,0.0,0.0,0.0,0.0,0.0,1.4503263234227701e-05,0.0
AAAGGGACAGT,4.65809577044904e-05,0.0,0.0,0.0,0.0,0.0,0.0,0.0
AAGGGATCGTG,4.65809577044904e-05,0.0,0.0,0.0,0.0,0.0,0.0,0.0009437614945310231
AAGCTGACAAG,4.65809577044904e-05,0.0,0.0,0.0,0.0,0.0,0.0,0.0
ACTGCCGCAAC,4.65809577044904e-05,9.328358208955224e-05,0.00011406410402646287,3.6768761260433134e-05,0.0005561735261401557,8.304613212639621e-05,0.0001740391588107324,0.0
AGTGGGACCTT,4.65809577044904e-05,0.0,0.0,0.0,0.0,0.0,0.0,0.0
ATGGCACCACA,4.65809577044904e-05,0.0,0.0,0.0,0.0,0.0,0.0,0.0
AAGGTAACAGC,4.65809577044904e-05,9.328358208955224e-05,0.0003421923120793886,0.0,0.0,0.0,1.4503263234227701e-05,0.0
AATGGCACAAA,4.65809577044904e-05,0.00018656716417910448,0.00011406410402646287,0.00033091885134389824,0.0,0.0006436075239795707,0.00043509789702683103,0.0
AAGGTAACAAA,4.65809577044904e-05,0.0,0.0,0.0,0.0,0.0,0.0,0.0
AATGTTACAGC,4.65809577044904e-05,0.0,0.0,0.0,0.0,0.0,0.0,0.0
AAGGAGACATT,4.65809577044904e-05,0.0,0.0,0.0,0.0,0.0,0.0,2.4199012680282646e-05
AAGGCGACAAC,4.65809577044904e-05,0.0,0.0,0.0,0.0,2.0761533031599053e-05,0.0,2.4199012680282646e-05
AAGGTGTCAGA,4.65809577044904e-05,0.0,0.00011406410402646287,0.0,0.0011123470522803114,0.0,0.0,0.0
AAGCTGACACT,4.65809577044904e-05,0.0,0.0,0.0,0.0,0.0,0.0,0.0
AAGGATTCGGT,4.65809577044904e-05,0.0,0.0,0.0,0.0,0.0,0.0,0.0
AATGGGACCGA,4.65809577044904e-05,0.0,0.0,0.0,0.0,0.0,0.0,0.0
AAGGCGACATA,4.65809577044904e-05,0.0,0.0,0.0,0.0,0.0,0.0,0.0
AACGACCCAGT,4.65809577044904e-05,0.0,0.0,0.0,0.0,0.0,0.0,0.0
AAGGTAACACG,4.65809577044904e-05,0.0,0.0,0.0,0.0,0.0,0.0,0.0
AAGGTGACANC,4.65809577044904e-05,0.00037313432835820896,0.00022812820805292574,0.0,0.0,0.0,0.0,0.0
ATAGAACCGGT,4.65809577044904e-05,0.0,0.0,0.0,0.0,0.0,0.0,0.0
AATGTAACCAA,4.65809577044904e-05,0.0,0.0,0.0,0.0,0.0,0.0,0.0
AAAGTAACCTT,4.65809577044904e-05,9.328358208955224e-05,0.0,0.0,0.0,0.0,0.0,0.0
AATGTTACTTA,4.65809577044904e-05,0.0,0.0,0.0,0.0,0.0,0.0,4.839802536056529e-05
ACTGGCACAAT,4.65809577044904e-05,0.0,0.00011406410402646287,0.0006986064639482296,0.0,4.1523066063198107e-05,0.0,0.0
AGCGAAACGTT,4.65809577044904e-05,0.0,0.0,0.0,0.0,0.0,0.0,0.0
AAGGCGACACA,4.65809577044904e-05,9.328358208955224e-05,0.00011406410402646287,0.0,0.0,0.0,0.0,0.0
ACGGAATCATC,4.65809577044904e-05,0.0,0.0,0.0,0.0,0.0,0.0,0.0
ATGGCTTCACT,4.65809577044904e-05,0.0,0.0,0.0,0.0,0.0,0.0,0.0
ACTGTGACAGG,4.65809577044904e-05,0.0,0.0,0.0,0.0,0.0,0.0,0.0
AAGGAGACACA,4.65809577044904e-05,0.0,0.0,0.0,0.0,0.0,0.0,0.0
AACGCATCATA,4.65809577044904e-05,0.0,0.0,0.0,0.0,0.0,0.0,0.0
ATGGGAGCACA,4.65809577044904e-05,0.0,0.0,0.0,0.0,0.0,0.0,0.0
ATCGATTCGTT,4.65809577044904e-05,0.0,0.0,0.0,0.0,0.0,0.0,0.0
AAAGACCCATA,4.65809577044904e-05,9.328358208955224e-05,0.0,0.0,0.0,0.0,0.0,0.0
ATGGTCTCTAA,4.65809577044904e-05,0.0,0.0,0.0,0.0,0.0,0.0,0.0
ATCGTGACAGA,4.65809577044904e-05,0.0,0.0,0.0,0.0,0.0,0.0,0.0
AATGATACCAA,4.65809577044904e-05,0.0,0.0,0.0,0.0,0.0,0.0,0.0
ACGGTTTCGTT,4.65809577044904e-05,0.0,0.0,0.0,0.0005561735261401557,0.0,0.0,0.0
ACGGTCGCATT,4.65809577044904e-05,0.0,0.0,0.0,0.0,0.0,0.0,0.0
ATAGCCACAAC,4.65809577044904e-05,0.00018656716417910448,0.0,0.0,0.0,0.0,0.0,0.0
AAGGGGACATC,4.65809577044904e-05,0.0,0.0,0.0,0.0,0.0,0.0,0.0
AAGTTGACAGG,4.65809577044904e-05,0.0,0.0,0.0,0.0,0.0,0.0,0.0
AACGATTCGTC,4.65809577044904e-05,0.0,0.0,0.0,0.0,0.0,0.0,0.0
AGAGTGACCGA,4.65809577044904e-05,0.0,0.0,0.0,0.0,0.0,0.0,0.0
AGAGAAACGAT,4.65809577044904e-05,0.0,0.0,0.0,0.0,0.0,0.0,0.0
AACGTGACAGA,4.65809577044904e-05,0.0,0.0,0.0,0.0,0.0,0.0,0.0
AAGGTTACCTA,4.65809577044904e-05,0.0,0.0,3.6768761260433134e-05,0.0,0.0,0.0,9.679605072113058e-05
AGAGTCACTAT,4.65809577044904e-05,0.0,0.0,0.0,0.0,0.0,0.0,0.0
AGGGTGACACA,4.65809577044904e-05,0.0,0.0,0.0,0.0,0.0,0.0,0.0
ACTGCGGCATC,4.65809577044904e-05,0.0,0.0,0.0,0.0,0.0,0.0,0.0
AATGAACCGGT,4.65809577044904e-05,0.0,0.0,3.6768761260433134e-05,0.0,0.0,0.0,0.0
ATGGTATCGTA,4.65809577044904e-05,0.0,0.0,0.0,0.0,0.0,0.0,0.0
ATGGCATCAGA,4.65809577044904e-05,0.0,0.0,0.0,0.0,0.0,0.0,0.0
ATGGCTCCCTA,4.65809577044904e-05,0.0,0.0,0.0,0.0,0.0,0.0,0.0
AACGACCCACG,4.65809577044904e-05,0.0,0.0,0.0,0.0,0.0,0.0,0.0
AAAGCCACAGA,4.65809577044904e-05,0.0,0.0,0.0,0.0,0.0,0.0,0.0
AAAGGACCGGT,4.65809577044904e-05,0.0,0.0,0.0,0.0,0.0,0.0,0.0
ACGGTATCCGT,4.65809577044904e-05,0.0,0.0,0.0,0.0,0.0,0.0,0.0
AACGAGTCATT,4.65809577044904e-05,0.0,0.0,0.0,0.0,0.0,0.0,0.0
AAAGAACCGGC,4.65809577044904e-05,0.0,0.0,0.0,0.0,0.0,0.0,0.0
AAGGTGACTGA,4.65809577044904e-05,0.0,0.0,0.0,0.0,0.0,0.0,0.0
ATTGTGCTANC,4.65809577044904e-05,0.0,0.0,0.0,0.0,0.0,0.0,0.0
ACAGAACCGGT,4.65809577044904e-05,0.0,0.0,0.0,0.0,0.0,0.0,0.0
ATCGGTACTAG,4.65809577044904e-05,0.0,0.0,0.0,0.0,0.0,0.0,0.0
AGTGCAGCACA,4.65809577044904e-05,0.0,0.0,0.0,0.0,0.0,0.0,0.0
ATAGAGGCATA,4.65809577044904e-05,0.0,0.0,0.0,0.0,0.0,0.0,0.0
ACAGGTACTTA,4.65809577044904e-05,0.0,0.0,0.0,0.0,0.0,0.0,2.4199012680282646e-05
AAAGTGACAGG,4.65809577044904e-05,0.0,0.0,0.0,0.0,0.0,0.0,0.0
ATGGCTTCGTT,4.65809577044904e-05,0.0,0.00011406410402646287,0.0,0.0,0.0,0.0,0.0
ATCGTAACAGG,4.65809577044904e-05,0.0,0.0,0.0,0.0,0.0,0.0,0.0
AAGGTAGCAGA,4.65809577044904e-05,0.0,0.0,0.0,0.0,0.0,0.0,0.0
AATGGACCATA,4.65809577044904e-05,0.0,0.0,0.0,0.0,0.0,0.0,0.0
AACGGATCGAG,4.65809577044904e-05,0.0,0.0,3.6768761260433134e-05,0.0,0.0,0.0,0.0009679605072113057
AAAGAACCGGA,4.65809577044904e-05,0.0,0.0,0.0,0.0,0.0,0.0,0.0
AAGGCGACATT,4.65809577044904e-05,0.0,0.0,0.0,0.0,0.0,0.0,0.0
AGAGCGCCACC,4.65809577044904e-05,0.0,0.0,0.0,0.0,0.0,0.0,0.0
AAAGTTGCATC,4.65809577044904e-05,0.0,0.0,0.0,0.0,0.0,0.0,0.0
AAGGTGCCAGT,4.65809577044904e-05,0.0,0.0,0.0,0.0,0.0,0.0,0.0
AAGGTTACACT,4.65809577044904e-05,0.0,0.0,3.6768761260433134e-05,0.0,0.0,0.0,0.0
ACCGCCACATA,4.65809577044904e-05,0.0,0.0,0.0,0.0,0.0,0.0,0.0
AACGTGACATA,4.65809577044904e-05,0.0,0.0,0.0,0.0,0.0,0.0,0.0
ATGGTGACATT,4.65809577044904e-05,0.0,0.0,0.0,0.0,0.0,0.0,0.0
ATGGCTTCAAC,4.65809577044904e-05,0.0,0.0,0.0,0.0011123470522803114,0.0,0.00044960116026105876,2.4199012680282646e-05
AAGGCAACTAG,4.65809577044904e-05,0.0,0.0,0.0,0.0,0.0,0.0,0.0
ATGGCCACACC,4.65809577044904e-05,0.0,0.0,0.0,0.0,0.0,0.0,0.0
ACCGCAACACA,4.65809577044904e-05,9.328358208955224e-05,0.0,0.0,0.0,0.0,0.0,0.0
ACTGCCCCCAG,4.65809577044904e-05,0.0,0.0,0.0,0.0,0.0,0.0,0.0
ACCGCCACACA,4.65809577044904e-05,0.0,0.0,0.0,0.0,0.0,0.0,0.0
AGTGGGACCAN,4.65809577044904e-05,0.0,0.0,0.0,0.0,0.0,0.0,0.0
AATGATGCGCT,4.65809577044904e-05,0.0,0.0,0.0,0.0,0.0,0.0,0.0
ACTGAAGCCCA,4.65809577044904e-05,0.0,0.0,0.0,0.0,0.0,0.0,0.0
AACGAATCATA,4.65809577044904e-05,0.0,0.0,0.0,0.0,0.0,0.0,0.0
ACGGATGCTAG,4.65809577044904e-05,0.0,0.0,0.0,0.0,0.0,0.0,0.0
AGCGTGTCCTC,4.65809577044904e-05,0.0,0.0,0.0,0.0,0.0,0.0,0.0
ACCGAATCTTC,4.65809577044904e-05,0.0,0.0,0.0,0.0,0.0,0.0,0.0
ACGGTTGCTAG,4.65809577044904e-05,0.0,0.0,0.0,0.0,0.0,0.0,0.0
___TGTTCAGC,4.65809577044904e-05,0.0,0.00011406410402646287,0.00014707504504173253,0.0011123470522803114,2.0761533031599053e-05,1.4503263234227701e-05,2.4199012680282646e-05
ATCGTCTCACT,4.65809577044904e-05,0.0,0.0,0.0,0.0,0.0,0.0,0.0
ANAGACTCGGG,4.65809577044904e-05,0.0,0.0,0.0,0.0,0.0,0.0,0.0
ACTGCCCCCAA,0.0,0.00037313432835820896,0.0,0.0,0.0,0.0,0.0,0.0
ATGGTGACAGA,0.0,0.00037313432835820896,0.00011406410402646287,3.6768761260433134e-05,0.0,0.0,0.0,0.0
ATGGTAGCCCC,0.0,0.00027985074626865673,0.00011406410402646287,0.0,0.0,0.0,0.0,0.0
ATTGTAGCCCC,0.0,0.00027985074626865673,0.0,0.0,0.0,0.0,0.0,0.0
AAAGTGACAGC,0.0,0.00027985074626865673,0.00011406410402646287,0.0,0.0,0.0,0.0,0.0
AAGGCTTCTTG,0.0,0.00027985074626865673,0.0,0.0,0.0,0.0,0.0,0.0
ATGGAAACCGG,0.0,0.00018656716417910448,0.0,0.0,0.0,0.0,0.0,0.0
AACGTGACAGN,0.0,0.00018656716417910448,0.0,0.0,0.0,0.0,0.0,0.0
ACGGGCCCCAG,0.0,0.00018656716417910448,0.0,0.0,0.0,0.0,0.0,0.0
ACGGTATCTAA,0.0,0.00018656716417910448,0.0,0.0,0.0,0.0,0.0,0.0
AAGGTAACAAT,0.0,0.00018656716417910448,0.0,3.6768761260433134e-05,0.0,0.0,0.0,0.0
ATAGAAGCTAA,0.0,0.00018656716417910448,0.0,0.0,0.0,0.0,0.0,0.0
AGGGTTTCAAA,0.0,9.328358208955224e-05,0.0,0.0,0.0,0.0,0.0,0.0
ACGGTTACTTA,0.0,9.328358208955224e-05,0.0,3.6768761260433134e-05,0.0,0.0,0.0,0.0
ACCGTCTCACA,0.0,9.328358208955224e-05,0.0,0.0,0.0,0.0,0.0,0.0
ACTGTTACTTA,0.0,9.328358208955224e-05,0.0,0.0,0.0,0.0,0.0,0.0
AACGAATCGTG,0.0,9.328358208955224e-05,0.00011406410402646287,3.6768761260433134e-05,0.0005561735261401557,0.0,1.4503263234227701e-05,0.0015245377988578066
AAAGAAACAGT,0.0,9.328358208955224e-05,0.0,0.0,0.0,0.0,0.0,0.0
AAGGTCACCTA,0.0,9.328358208955224e-05,0.0,0.0,0.0,0.0,0.0,0.0
ACTGTAGCCCC,0.0,9.328358208955224e-05,0.0,0.0,0.0,0.0,0.0,0.0
ATCGAAACCAC,0.0,9.328358208955224e-05,0.0,0.0,0.0,0.0,0.0,0.0
AATGTGACAAT,0.0,9.328358208955224e-05,0.0,0.0,0.0,0.0,0.0,0.0
AAGGTGCCAGA,0.0,9.328358208955224e-05,0.00011406410402646287,0.0,0.0,0.0,0.0,4.839802536056529e-05
ATAGTACCACC,0.0,9.328358208955224e-05,0.0,0.0,0.0,0.0,0.00043509789702683103,0.0
AGTGGGACCGN,0.0,9.328358208955224e-05,0.0,0.0,0.0,0.0,0.0,0.0
ACTGCGACAGT,0.0,9.328358208955224e-05,0.0,0.0,0.0,0.0,0.0,0.0
AGTGAACCCAA,0.0,9.328358208955224e-05,0.0,0.0,0.0,0.0,0.0,0.0
AGGGTAGCCTG,0.0,9.328358208955224e-05,0.0,0.0,0.0,0.0,0.0,0.0
AAGATGACACT,0.0,9.328358208955224e-05,0.0,0.0,0.0,0.0,0.0,0.0
AAGGTAACACA,0.0,9.328358208955224e-05,0.0,0.0,0.0,0.0,0.0,0.0
ATGGTGACAGT,0.0,9.328358208955224e-05,0.0,0.0,0.0,0.0,0.0,0.0
ATTGTGACAGA,0.0,9.328358208955224e-05,0.0,0.0,0.0,0.0,0.0,0.0
ATAGAACCAAC,0.0,9.328358208955224e-05,0.0,3.6768761260433134e-05,0.0,0.0,0.000290065264684554,0.0
AAGGTGACTCN,0.0,9.328358208955224e-05,0.0,0.0,0.0,0.0,0.0,0.0
ATCGTAGCCAC,0.0,9.328358208955224e-05,0.0,0.0,0.0,0.0,0.0,0.0
AAGGGGACAGG,0.0,9.328358208955224e-05,0.0,0.0,0.0,0.0,0.0,0.0
ACGGTGACAGC,0.0,9.328358208955224e-05,0.0,0.0,0.0,0.0,0.0,0.0
AAGGACACAGT,0.0,9.328358208955224e-05,0.00011406410402646287,3.6768761260433134e-05,0.0,0.0,0.0,0.0
ACCGTCACACA,0.0,9.328358208955224e-05,0.0,0.0,0.0,0.0,0.0,0.0
AATGCAACTAT,0.0,9.328358208955224e-05,0.0,0.0,0.0,0.0,0.0,0.0
ATAGTCCCAAC,0.0,9.328358208955224e-05,0.0,3.6768761260433134e-05,0.0,0.0,0.0002755620014503263,0.0
AGCGGCGCGAT,0.0,9.328358208955224e-05,0.0,0.0,0.0,0.0,0.0,0.0
AAAGTGACACG,0.0,9.328358208955224e-05,0.0,0.0,0.0,0.0,0.0,0.0
AGGGGGACAGA,0.0,9.328358208955224e-05,0.0,0.0,0.0,0.0,0.0,0.0
AAGCTGACAGG,0.0,9.328358208955224e-05,0.0,0.0,0.0,0.0,0.0,0.0
AATGTGACAGN,0.0,9.328358208955224e-05,0.0,0.0,0.0,0.0,0.0,0.0
AGAGAAACTGG,0.0,9.328358208955224e-05,0.0,0.0,0.0,0.0,0.0,0.0
AACGTATCGTG,0.0,9.328358208955224e-05,0.00011406410402646287,7.353752252086627e-05,0.0,0.0,0.0,0.0016213338495789371
AATGGCACAAG,0.0,9.328358208955224e-05,0.0,0.0005147626576460639,0.0,0.0009135074533903584,0.0006236403190717912,0.0
AAAGGAGCCTT,0.0,9.328358208955224e-05,0.0,0.0,0.0,0.0,0.0,0.0
AAGGCAACTTT,0.0,9.328358208955224e-05,0.0,0.0,0.0,0.0,0.0,0.0
ACTGAGTCAAC,0.0,9.328358208955224e-05,0.0,0.00036768761260433136,0.0005561735261401557,0.0,0.0,0.0
AAAGAAACGGT,0.0,9.328358208955224e-05,0.0,3.6768761260433134e-05,0.0,0.0,0.0,0.0
AAAGGGGCACA,0.0,9.328358208955224e-05,0.0,0.0,0.0,0.0,0.0,0.0
AAGTTGACACT,0.0,9.328358208955224e-05,0.0,0.0,0.0,0.0,0.0,0.0
AATGGCGCTAG,0.0,9.328358208955224e-05,0.0,0.0,0.0,0.0,0.0,0.0
AAAGGTTCTCA,0.0,9.328358208955224e-05,0.0,3.6768761260433134e-05,0.0,0.00016609226425279243,0.0,0.0
ATTGACCCCAT,0.0,9.328358208955224e-05,0.0,0.0,0.0,0.0,0.0,0.0
AGAGACACATT,0.0,9.328358208955224e-05,0.0,0.0,0.0,0.0,0.0,0.0
AAGGTCACAAA,0.0,9.328358208955224e-05,0.0,0.0,0.0,0.0,0.0,0.0
AAAGAAACGTT,0.0,9.328358208955224e-05,0.0,0.0,0.0,0.0,0.0,0.0
ACCGATACCCC,0.0,9.328358208955224e-05,0.0,0.0,0.0,0.0,0.0,0.0
AAGTTGACATC,0.0,9.328358208955224e-05,0.00011406410402646287,0.0,0.0,0.0,0.0,0.0
AAAGTCGCTAT,0.0,9.328358208955224e-05,0.00011406410402646287,0.0,0.0,0.0,0.0,0.0
ACTGGAGCGGG,0.0,9.328358208955224e-05,0.0,0.0,0.0,0.0,0.0,0.0
AGCGAAACATC,0.0,9.328358208955224e-05,0.0,0.0,0.0,0.0,0.0,0.0
ACTGACGCCCC,0.0,9.328358208955224e-05,0.0,0.0,0.0,0.0,0.0,0.0
AACGTGACACC,0.0,9.328358208955224e-05,0.0,0.0,0.0,0.0,0.0,0.0
ACTGGTACAAC,0.0,9.328358208955224e-05,0.0,0.0,0.0,0.0,0.0,0.0
AGGGTTACAAA,0.0,9.328358208955224e-05,0.0,0.0,0.0,0.0,0.0,0.0
ACCGTAGCCCC,0.0,9.328358208955224e-05,0.0,0.0,0.0,0.0,0.0,0.0
AAGGGGACAGA,0.0,9.328358208955224e-05,0.00022812820805292574,0.0,0.0,0.0,0.0,0.0
AACGTATCGTT,0.0,9.328358208955224e-05,0.0,0.0,0.0,0.0,0.0,0.0
AAAGTAACCCC,0.0,9.328358208955224e-05,0.0,0.0,0.0,2.0761533031599053e-05,0.0,0.0
AATGCCACAAT,0.0,9.328358208955224e-05,0.00011406410402646287,0.001323675405375593,0.0,0.0014117842461487356,0.0008556925308194343,0.0
AAGGACACAAT,0.0,9.328358208955224e-05,0.0,0.0,0.0,0.0,0.0,0.0
AACGACTCCAG,0.0,9.328358208955224e-05,0.0,0.0,0.0,0.0,0.0,0.0
AAAGTGACAAA,0.0,9.328358208955224e-05,0.0,0.0,0.0,0.0,0.0,0.0
ACAGGCACAAT,0.0,9.328358208955224e-05,0.0,0.0004044563738647645,0.0005561735261401557,0.0003529460615371839,0.000145032632342277,7.259703804084793e-05
ACAGGTCCATG,0.0,9.328358208955224e-05,0.0,0.0,0.0,0.0,0.0,0.0
ACTGGTACAAA,0.0,9.328358208955224e-05,0.0,0.0,0.0,0.0,0.0,0.0
AAAGTTACGCA,0.0,9.328358208955224e-05,0.0,0.0,0.0,0.0,0.0,0.0
ATGGTGACAGG,0.0,9.328358208955224e-05,0.0,0.0,0.0,0.0,0.0,0.0
AATGACACTAT,0.0,9.328358208955224e-05,0.0,0.00014707504504173253,0.0,0.0002283768633475896,0.00013052936910804932,0.0
AAGGATACTTA,0.0,9.328358208955224e-05,0.0,0.0,0.0,0.0,0.0,0.00012099506340141322
AGTGATGCCCC,0.0,9.328358208955224e-05,0.0,0.0,0.0,0.0,0.0,0.0
ATTGTATCCTG,0.0,9.328358208955224e-05,0.0,0.0,0.0,0.0,0.0,0.0
AAGATGACATC,0.0,9.328358208955224e-05,0.0,0.0,0.0,0.0,0.0,0.0
AAGGTCACACC,0.0,9.328358208955224e-05,0.00011406410402646287,0.0,0.0,0.0,0.0,0.0
AAGGATACAAT,0.0,9.328358208955224e-05,0.0,0.00025738132882303195,0.0,0.00010380766515799527,0.0,0.0
ATGGTCACCCT,0.0,9.328358208955224e-05,0.0,0.0,0.0,0.0,0.0,0.0
AAGGTGACGGA,0.0,9.328358208955224e-05,0.0,0.0,0.0,0.0,0.0,0.0
AAGGGTACTTA,0.0,9.328358208955224e-05,0.00011406410402646287,0.0,0.0,2.0761533031599053e-05,0.0,0.0005565772916465008
ACTGCCCCCAC,0.0,9.328358208955224e-05,0.0,0.0,0.0,0.0,0.0,0.0
AAGGTTACTGA,0.0,9.328358208955224e-05,0.0,0.0,0.0,0.0,0.0,4.839802536056529e-05
AACGCCACAAT,0.0,9.328358208955224e-05,0.0,0.0,0.0,0.0,0.0,0.0
AAGGTTACACC,0.0,9.328358208955224e-05,0.0,0.0,0.0,0.0,0.0,0.0
AGAGCGCCTAC,0.0,9.328358208955224e-05,0.0,0.0,0.0,0.0,0.0,0.0
AACGCATCGTG,0.0,9.328358208955224e-05,0.0,3.6768761260433134e-05,0.0,0.0,0.0,0.0007743684057690447
AATGCCACCAT,0.0,9.328358208955224e-05,0.0,0.0,0.0,0.0,5.8013052936910804e-05,0.0
ATGGCTTCCAC,0.0,9.328358208955224e-05,0.0,0.0,0.0,0.0,0.0,0.0
ATCGTAGCGCC,0.0,9.328358208955224e-05,0.0,0.0,0.0,0.0,0.0,0.0
ACTGCCCCCAT,0.0,9.328358208955224e-05,0.0,0.0,0.0,0.0,0.0,0.0
ATCGCGCCCCC,0.0,9.328358208955224e-05,0.0,0.0,0.0,0.0,0.0,0.0
AATGCCGCTAT,0.0,9.328358208955224e-05,0.0,0.0,0.0,0.0,0.0,0.0
AGAGTAGCCCC,0.0,9.328358208955224e-05,0.0,0.0,0.0,0.0,0.0,0.0
AATGCCGCTAG,0.0,9.328358208955224e-05,0.0,0.0,0.0,0.0,0.0,0.0
AGAGTGACAGA,0.0,9.328358208955224e-05,0.0,3.6768761260433134e-05,0.0,2.0761533031599053e-05,1.4503263234227701e-05,0.0
AACGACCCAAC,0.0,9.328358208955224e-05,0.0,0.0,0.0,0.0,0.0,0.0
ACAGTTCCCTT,0.0,9.328358208955224e-05,0.0,3.6768761260433134e-05,0.0,2.0761533031599053e-05,2.9006526468455402e-05,7.259703804084793e-05
AAAGTTACCGA,0.0,9.328358208955224e-05,0.0,0.0,0.0,0.0,0.0,0.0
ANAGCCACAAA,0.0,9.328358208955224e-05,0.0,0.0,0.0,0.0,0.0,0.0
ACTGGCGCAAT,0.0,0.0,0.0007984487281852401,7.353752252086627e-05,0.0,0.0,0.0,0.0
ACGGTTACGCT,0.0,0.0,0.0004562564161058515,0.0,0.0,0.0,0.0,0.0
AAGGTCACACG,0.0,0.0,0.00022812820805292574,0.0,0.0,0.0,0.0,0.0
AAAGAATCATG,0.0,0.0,0.00022812820805292574,0.0,0.0,2.0761533031599053e-05,0.0,0.0
AATGTCACAAT,0.0,0.0,0.00022812820805292574,0.0005147626576460639,0.0,0.0006436075239795707,0.000580130529369108,2.4199012680282646e-05
AAGGTNNCAGT,0.0,0.0,0.00011406410402646287,0.0,0.0,0.0,0.0,0.0
ACAGATTCCAC,0.0,0.0,0.00011406410402646287,0.0,0.0,0.0,0.0,0.0
ATCGAAGCTAG,0.0,0.0,0.00011406410402646287,0.0,0.0,0.0,0.0,0.0
AGCGAAACAAG,0.0,0.0,0.00011406410402646287,0.0,0.0,0.0,0.0,0.0
AAAGTATCCTT,0.0,0.0,0.00011406410402646287,0.0,0.0,0.0,0.0,0.0
AAGGTAACACC,0.0,0.0,0.00011406410402646287,0.0,0.0,0.0,0.0,0.0
AAGGTGGCAGC,0.0,0.0,0.00011406410402646287,0.0,0.0,0.0,0.0,0.0
AAGGAAACAGA,0.0,0.0,0.00011406410402646287,0.0,0.0,0.0,0.0,0.0
AAAGGACCGTT,0.0,0.0,0.00011406410402646287,0.0,0.0,0.0,0.0,0.0
AGTGAGACAGT,0.0,0.0,0.00011406410402646287,0.0,0.0,0.0,0.0,0.0
AACGCAGCCTT,0.0,0.0,0.00011406410402646287,0.0,0.0,0.0,0.0,0.0
AAGGTCACAAG,0.0,0.0,0.00011406410402646287,0.0,0.0,0.0,0.0,0.0
ATGGTACCAAC,0.0,0.0,0.00011406410402646287,0.0,0.0,0.0,5.8013052936910804e-05,0.0
ACAGGTTCCCG,0.0,0.0,0.00011406410402646287,0.0,0.0,0.0,0.0,0.0
ATAGTACCAGC,0.0,0.0,0.00011406410402646287,3.6768761260433134e-05,0.0,0.0,0.0002755620014503263,0.0
AAGATGACAGT,0.0,0.0,0.00011406410402646287,0.0,0.0,2.0761533031599053e-05,0.0,0.0
AAGATGACAAG,0.0,0.0,0.00011406410402646287,0.0,0.0,0.0,0.0,0.0
AAGGCGACAAG,0.0,0.0,0.00011406410402646287,0.0,0.0,0.0,0.0,0.0
AAGGTAACATG,0.0,0.0,0.00011406410402646287,0.0,0.0,0.0,0.0,0.0
AGGGTGTCAGA,0.0,0.0,0.00011406410402646287,0.0,0.0,0.0,0.0,0.0
ATTGTGCCAAT,0.0,0.0,0.00011406410402646287,0.0,0.0,0.0,0.0,0.0
AGAGTGACACT,0.0,0.0,0.00011406410402646287,0.0,0.0,0.0,0.0,0.0
AAGGTGACANG,0.0,0.0,0.00011406410402646287,0.0,0.0,0.0,0.0,0.0
AACGCATCAAG,0.0,0.0,0.00011406410402646287,0.0,0.0,0.0,0.0,0.0
AAGNTGACATC,0.0,0.0,0.00011406410402646287,0.0,0.0,0.0,0.0,0.0
ATCGAAGCTNG,0.0,0.0,0.00011406410402646287,0.0,0.0,0.0,0.0,0.0
ATCGTAGGTAG,0.0,0.0,0.00011406410402646287,0.0,0.0,0.0,0.0,0.0
AAGGACACACT,0.0,0.0,0.00011406410402646287,0.0,0.0,0.0,0.0,0.0
AAGGGGACAAG,0.0,0.0,0.00011406410402646287,0.0,0.0,0.0,0.0,0.0
AAGGTGACGGT,0.0,0.0,0.00011406410402646287,0.0,0.0,0.0,0.0,0.0
AAGGGGACAGC,0.0,0.0,0.00011406410402646287,0.0,0.0,0.0,0.0,0.0
AAGTTGACAAT,0.0,0.0,0.00011406410402646287,0.0,0.0,0.0,0.0,0.0
ACTGCCGCAAT,0.0,0.0,0.00011406410402646287,3.6768761260433134e-05,0.0,4.1523066063198107e-05,4.35097897026831e-05,0.0
AAGGTGACGAC,0.0,0.0,0.00011406410402646287,0.0,0.0,0.0,0.0,0.0
ACTGGTACAGT,0.0,0.0,0.00011406410402646287,0.0,0.0,0.0,0.0,0.0
AAGGTCACATC,0.0,0.0,0.00011406410402646287,0.0,0.0,0.0,0.0,0.0
AGTGCGGCGGA,0.0,0.0,0.00011406410402646287,0.0,0.0,0.0,0.0,0.0
AGGGTTGCACC,0.0,0.0,0.00011406410402646287,0.0,0.0,0.0,0.0,0.0
AATGCCACGAT,0.0,0.0,0.00011406410402646287,0.00011030628378129941,0.0,8.304613212639621e-05,5.8013052936910804e-05,0.0
AAAGCCACGAT,0.0,0.0,0.00011406410402646287,0.0,0.0,0.0,0.0,0.0
AAGGTAACTTA,0.0,0.0,0.00011406410402646287,0.0,0.0,0.0,0.0,0.0002177911141225438
AAGGGTACAAG,0.0,0.0,0.00011406410402646287,0.0,0.0,0.0,0.0,0.0
AGAGTGACAAA,0.0,0.0,0.00011406410402646287,0.0,0.0,0.0,0.0,0.0
AAGGTCACTTA,0.0,0.0,0.00011406410402646287,0.0,0.0,0.0,0.0,4.839802536056529e-05
AAGGCGACAAT,0.0,0.0,0.00011406410402646287,0.0,0.0,0.0,0.0,0.0
ATGGAGACAGT,0.0,0.0,0.00011406410402646287,0.0,0.0,0.0,0.0,0.0
AATGGCACATC,0.0,0.0,0.00011406410402646287,0.0004044563738647645,0.0005561735261401557,0.00043599219366358014,0.0002755620014503263,0.0
AACGGCACAAT,0.0,0.0,0.0,0.0004044563738647645,0.0,6.228459909479716e-05,2.9006526468455402e-05,4.839802536056529e-05
ACTGACGCAAT,0.0,0.0,0.0,0.0004044563738647645,0.0,0.0,1.4503263234227701e-05,0.0
AATGGCACNAT,0.0,0.0,0.0,0.00025738132882303195,0.0,0.0002283768633475896,0.0001885424220449601,0.0
AAAGACGCAAT,0.0,0.0,0.0,0.00022061256756259883,0.0,0.0,0.0,0.0
AAGGGCACAAT,0.0,0.0,0.0,0.00018384380630216568,0.0,0.00014533073122119337,7.25163161711385e-05,0.0
AAAGGCACATT,0.0,0.0,0.0,0.00018384380630216568,0.0,0.0002283768633475896,0.00011602610587382161,0.0
AATGGTACAAT,0.0,0.0,0.0,0.00018384380630216568,0.0005561735261401557,0.0002698999294107877,0.0001740391588107324,0.0
AGTGGCACAAT,0.0,0.0,0.0,0.00018384380630216568,0.0,0.00010380766515799527,4.35097897026831e-05,0.0
AAGGTTGCCAA,0.0,0.0,0.0,0.00014707504504173253,0.0,0.0,0.0,0.0
AGAGTACCAAC,0.0,0.0,0.0,0.00014707504504173253,0.0005561735261401557,2.0761533031599053e-05,0.0001740391588107324,2.4199012680282646e-05
AAGGTTACTAA,0.0,0.0,0.0,0.00014707504504173253,0.0,0.0,0.0,0.0005565772916465008
AATGACACCAT,0.0,0.0,0.0,0.00014707504504173253,0.0,4.1523066063198107e-05,2.9006526468455402e-05,0.0
ATGGGCACAAT,0.0,0.0,0.0,0.00014707504504173253,0.0005561735261401557,0.00029066146244238674,2.9006526468455402e-05,2.4199012680282646e-05
AATGGAACAAT,0.0,0.0,0.0,0.00011030628378129941,0.0,6.228459909479716e-05,4.35097897026831e-05,0.0
ATGGCTTCACA,0.0,0.0,0.0,0.00011030628378129941,0.0,4.1523066063198107e-05,2.9006526468455402e-05,0.0
AATGGCACATG,0.0,0.0,0.0,0.00011030628378129941,0.0,8.304613212639621e-05,0.0001015228426395939,0.0
AATGACACAAA,0.0,0.0,0.0,7.353752252086627e-05,0.0,0.0,1.4503263234227701e-05,0.0
AAGGTAGCAAT,0.0,0.0,0.0,7.353752252086627e-05,0.0,0.0,0.0,0.0
AATGGCACAGA,0.0,0.0,0.0,7.353752252086627e-05,0.0,0.00014533073122119337,0.00011602610587382161,0.0
AATGGCTCAAT,0.0,0.0,0.0,7.353752252086627e-05,0.0,4.1523066063198107e-05,0.0,0.0
ATCGGCACAAT,0.0,0.0,0.0,7.353752252086627e-05,0.0,0.0,0.0,0.0
AAAGTCGCAAT,0.0,0.0,0.0,7.353752252086627e-05,0.0,0.0,0.0,0.0
ATTGGCACAAT,0.0,0.0,0.0,7.353752252086627e-05,0.0005561735261401557,0.0001245691981895943,8.70195794053662e-05,0.0
AAAGTTTCTCA,0.0,0.0,0.0,3.6768761260433134e-05,0.0,0.0,0.0,0.0
AATGTAACAAT,0.0,0.0,0.0,3.6768761260433134e-05,0.0,0.0,0.0,0.0
ATCGCTTCAAA,0.0,0.0,0.0,3.6768761260433134e-05,0.0,0.0,0.0,0.0
AACGACTCGGG,0.0,0.0,0.0,3.6768761260433134e-05,0.0,0.0,0.0,0.0
ATAGCACCAAC,0.0,0.0,0.0,3.6768761260433134e-05,0.0,0.0,0.00011602610587382161,0.0
ATGGCTTCAGA,0.0,0.0,0.0,3.6768761260433134e-05,0.0,0.00018685379728439148,7.25163161711385e-05,0.0
ATCGTAGCCTC,0.0,0.0,0.0,3.6768761260433134e-05,0.0,0.0,0.0,0.0
ATAGGCACAAT,0.0,0.0,0.0,3.6768761260433134e-05,0.0005561735261401557,0.0,2.9006526468455402e-05,0.0
AGTGCAACTAT,0.0,0.0,0.0,3.6768761260433134e-05,0.0,0.0,0.0,0.0
AAGGATACAGT,0.0,0.0,0.0,3.6768761260433134e-05,0.0,0.0,0.0,0.0
ATTGTACCAAC,0.0,0.0,0.0,3.6768761260433134e-05,0.0005561735261401557,0.0,2.9006526468455402e-05,0.0
AATGGCACTAG,0.0,0.0,0.0,3.6768761260433134e-05,0.0,2.0761533031599053e-05,0.0,0.0
AATGGCACACA,0.0,0.0,0.0,3.6768761260433134e-05,0.0,4.1523066063198107e-05,4.35097897026831e-05,0.0
ATGGCCACGGT,0.0,0.0,0.0,3.6768761260433134e-05,0.0,0.0,0.0,0.0
AATGGCACATA,0.0,0.0,0.0,3.6768761260433134e-05,0.0,4.1523066063198107e-05,0.0,0.0
ATAGTACCGAC,0.0,0.0,0.0,3.6768761260433134e-05,0.0,0.0,5.8013052936910804e-05,0.0
AACGTCACTAT,0.0,0.0,0.0,3.6768761260433134e-05,0.0,0.0,0.0,0.0
ATCGCCCCATA,0.0,0.0,0.0,3.6768761260433134e-05,0.0,0.0,0.0,0.0
AAGGTCTCAGT,0.0,0.0,0.0,3.6768761260433134e-05,0.0,0.0,0.0,0.0
AAGGGCACTAT,0.0,0.0,0.0,3.6768761260433134e-05,0.0,4.1523066063198107e-05,0.0,0.0
ATGGCTTCAAT,0.0,0.0,0.0,3.6768761260433134e-05,0.0,2.0761533031599053e-05,0.0,0.0
ATCGCTCCATA,0.0,0.0,0.0,3.6768761260433134e-05,0.0,0.0,0.0,0.0
ATGGCTTCGAA,0.0,0.0,0.0,3.6768761260433134e-05,0.0,4.1523066063198107e-05,1.4503263234227701e-05,0.0
ACAGTAACCCC,0.0,0.0,0.0,3.6768761260433134e-05,0.0,0.0,0.0,0.0
AAGGTTACGTG,0.0,0.0,0.0,3.6768761260433134e-05,0.0,0.0,0.0,4.839802536056529e-05
AGTGCCTCATC,0.0,0.0,0.0,3.6768761260433134e-05,0.0,0.0,0.0,0.0
AATGGCGCATT,0.0,0.0,0.0,3.6768761260433134e-05,0.0,0.0,0.0,0.0
AGAGAACCGGT,0.0,0.0,0.0,3.6768761260433134e-05,0.0,0.0,0.0,0.0
AAGGCCACGAT,0.0,0.0,0.0,3.6768761260433134e-05,0.0,0.0,1.4503263234227701e-05,0.0
AATGGCACACC,0.0,0.0,0.0,3.6768761260433134e-05,0.0,0.0,0.0,0.0
AATGTTACAAC,0.0,0.0,0.0,3.6768761260433134e-05,0.0,0.0,1.4503263234227701e-05,0.0
AATGTCACGGT,0.0,0.0,0.0,3.6768761260433134e-05,0.0,0.0,0.0,0.0
AGAGGGACCGA,0.0,0.0,0.0,3.6768761260433134e-05,0.0,0.0,0.0,0.0
ATGGGATCGTG,0.0,0.0,0.0,3.6768761260433134e-05,0.0,0.0,0.0,9.679605072113058e-05
AAAGCGACGGT,0.0,0.0,0.0,3.6768761260433134e-05,0.0,0.0,0.0,0.0
ATGGCTTCCAA,0.0,0.0,0.0,3.6768761260433134e-05,0.0,2.0761533031599053e-05,0.0,0.0
AAGATGACACA,0.0,0.0,0.0,3.6768761260433134e-05,0.0,0.0,0.0,0.0
AAGGTGACTGT,0.0,0.0,0.0,3.6768761260433134e-05,0.0,0.0,0.0,0.0
AATGTGACACA,0.0,0.0,0.0,3.6768761260433134e-05,0.0,0.0,0.0,0.0
ATAGTACCATC,0.0,0.0,0.0,3.6768761260433134e-05,0.0,0.0,0.0005076142131979696,0.0
AATGACACGAT,0.0,0.0,0.0,3.6768761260433134e-05,0.0,6.228459909479716e-05,1.4503263234227701e-05,0.0
AATGGCACNNT,0.0,0.0,0.0,3.6768761260433134e-05,0.0,0.0,0.0,0.0
ACAGGACCGTG,0.0,0.0,0.0,3.6768761260433134e-05,0.0,0.0,0.0,0.00014519407608169587
AAAGTCTCGAA,0.0,0.0,0.0,3.6768761260433134e-05,0.0,0.0,0.0,0.0
AACGGATCATG,0.0,0.0,0.0,3.6768761260433134e-05,0.0,4.1523066063198107e-05,1.4503263234227701e-05,0.00029038815216339174
ACAGGCACACT,0.0,0.0,0.0,3.6768761260433134e-05,0.0,0.0,0.0,0.0
ACTGCCACAAT,0.0,0.0,0.0,3.6768761260433134e-05,0.0,0.0,0.0,0.0
AACGGATCCTC,0.0,0.0,0.0,3.6768761260433134e-05,0.0,0.0,0.0,2.4199012680282646e-05
ATAGCTTCAGA,0.0,0.0,0.0,3.6768761260433134e-05,0.0,0.0,0.0,0.0
AAGGTACCAAC,0.0,0.0,0.0,3.6768761260433134e-05,0.0,0.0,1.4503263234227701e-05,0.0
AACGGATCCAG,0.0,0.0,0.0,3.6768761260433134e-05,0.0,0.0,0.0,4.839802536056529e-05
AAGGTTACGTT,0.0,0.0,0.0,3.6768761260433134e-05,0.0,0.0,0.0,0.0
AATGGCACTAA,0.0,0.0,0.0,3.6768761260433134e-05,0.0,0.0,0.0,0.0
ACCGGCACAAT,0.0,0.0,0.0,3.6768761260433134e-05,0.0,0.0,0.0,0.0
AATGTGCCGAA,0.0,0.0,0.0,3.6768761260433134e-05,0.0,0.0,0.0,0.0
NTGGCCACGAA,0.0,0.0,0.0,3.6768761260433134e-05,0.0,0.0,0.0,0.0
AGAGATACTGT,0.0,0.0,0.0,3.6768761260433134e-05,0.0,0.0,0.0,0.0
ANAGTTCCCTT,0.0,0.0,0.0,3.6768761260433134e-05,0.0,0.0,0.0,0.0
ACAGTACCAAC,0.0,0.0,0.0,0.0,0.0005561735261401557,0.0,5.8013052936910804e-05,0.0
AACGTGTCCAC,0.0,0.0,0.0,0.0,0.0005561735261401557,0.0,0.0,0.0
AAAGGCACAAC,0.0,0.0,0.0,0.0,0.0005561735261401557,6.228459909479716e-05,0.0,0.0
AAGGATACTCC,0.0,0.0,0.0,0.0,0.0005561735261401557,0.0,0.0,0.0
AAGNTGACATT,0.0,0.0,0.0,0.0,0.0005561735261401557,0.0,0.0,0.0
AAGGTTGCTTA,0.0,0.0,0.0,0.0,0.0005561735261401557,0.0,0.0,0.0
ATATCAACCAC,0.0,0.0,0.0,0.0,0.0005561735261401557,0.0,0.0,0.0
AGAGTGACCTC,0.0,0.0,0.0,0.0,0.0005561735261401557,0.0,0.0,0.0
ATTGCACCTAC,0.0,0.0,0.0,0.0,0.0005561735261401557,0.0,0.0,0.0
AAAGGCACTAT,0.0,0.0,0.0,0.0,0.0,8.304613212639621e-05,0.0,0.0
AATGGCCCAAT,0.0,0.0,0.0,0.0,0.0,4.1523066063198107e-05,0.0,0.0
AATGGCGCAAT,0.0,0.0,0.0,0.0,0.0,4.1523066063198107e-05,1.4503263234227701e-05,0.0
AAAGAAACGCT,0.0,0.0,0.0,0.0,0.0,4.1523066063198107e-05,0.0,0.0
ATGGCTTCTAA,0.0,0.0,0.0,0.0,0.0,4.1523066063198107e-05,0.0,0.0
AAAGGCACACT,0.0,0.0,0.0,0.0,0.0,4.1523066063198107e-05,1.4503263234227701e-05,0.0
ATTGGCACAGT,0.0,0.0,0.0,0.0,0.0,2.0761533031599053e-05,0.0,0.0
ATAGTTTCAAA,0.0,0.0,0.0,0.0,0.0,2.0761533031599053e-05,0.0,0.0
ACGGTTTCTAA,0.0,0.0,0.0,0.0,0.0,2.0761533031599053e-05,0.0,0.0
AATGACACAGT,0.0,0.0,0.0,0.0,0.0,2.0761533031599053e-05,0.0,0.0
ACAGCCGCAAC,0.0,0.0,0.0,0.0,0.0,2.0761533031599053e-05,0.0,0.0
ATTGCCACAGA,0.0,0.0,0.0,0.0,0.0,2.0761533031599053e-05,0.0,0.0
AATGTCACTAT,0.0,0.0,0.0,0.0,0.0,2.0761533031599053e-05,2.9006526468455402e-05,0.0
AATGACACAAG,0.0,0.0,0.0,0.0,0.0,2.0761533031599053e-05,0.0,0.0
AAAGGTTCAAT,0.0,0.0,0.0,0.0,0.0,2.0761533031599053e-05,0.0,0.0
AATGCCTCAAT,0.0,0.0,0.0,0.0,0.0,2.0761533031599053e-05,0.0,0.0
AAAGGCACAGT,0.0,0.0,0.0,0.0,0.0,2.0761533031599053e-05,2.9006526468455402e-05,0.0
AATGGTTCTCA,0.0,0.0,0.0,0.0,0.0,2.0761533031599053e-05,0.0,0.0
AATGTGGCAGT,0.0,0.0,0.0,0.0,0.0,2.0761533031599053e-05,0.0,0.0
AATGCCACTAT,0.0,0.0,0.0,0.0,0.0,2.0761533031599053e-05,0.0,0.0
AATGTCACATT,0.0,0.0,0.0,0.0,0.0,2.0761533031599053e-05,0.0,0.0
AATGTTACCGA,0.0,0.0,0.0,0.0,0.0,2.0761533031599053e-05,1.4503263234227701e-05,0.0
AATGGGACGAT,0.0,0.0,0.0,0.0,0.0,2.0761533031599053e-05,0.0,0.0
AATGGCTCAAC,0.0,0.0,0.0,0.0,0.0,2.0761533031599053e-05,0.0,0.0
ACTGCCGCAAA,0.0,0.0,0.0,0.0,0.0,2.0761533031599053e-05,0.0,0.0
ATGGCTACAGA,0.0,0.0,0.0,0.0,0.0,2.0761533031599053e-05,0.0,0.0
AAAGTGTCATC,0.0,0.0,0.0,0.0,0.0,2.0761533031599053e-05,0.0,0.0
AATGGCACTGT,0.0,0.0,0.0,0.0,0.0,2.0761533031599053e-05,2.9006526468455402e-05,0.0
AATGAGACACT,0.0,0.0,0.0,0.0,0.0,2.0761533031599053e-05,0.0,0.0
ACAGGCACATT,0.0,0.0,0.0,0.0,0.0,2.0761533031599053e-05,0.0,0.0
AAAGGCACGAT,0.0,0.0,0.0,0.0,0.0,2.0761533031599053e-05,2.9006526468455402e-05,0.0
AGGGTGACAGC,0.0,0.0,0.0,0.0,0.0,2.0761533031599053e-05,0.0,0.0
AAAGGTACAAT,0.0,0.0,0.0,0.0,0.0,2.0761533031599053e-05,0.0,0.0
AATGTCACAAA,0.0,0.0,0.0,0.0,0.0,2.0761533031599053e-05,0.0,0.0
ATGGCTCCACA,0.0,0.0,0.0,0.0,0.0,2.0761533031599053e-05,0.0,0.0
AAGGTTACTTC,0.0,0.0,0.0,0.0,0.0,2.0761533031599053e-05,0.0,0.0005565772916465008
AATGTCACCAT,0.0,0.0,0.0,0.0,0.0,2.0761533031599053e-05,1.4503263234227701e-05,0.0
AATGGCACAGG,0.0,0.0,0.0,0.0,0.0,2.0761533031599053e-05,0.0,0.0
AAAGGCACAAG,0.0,0.0,0.0,0.0,0.0,2.0761533031599053e-05,0.0,0.0
AACGTGACAGC,0.0,0.0,0.0,0.0,0.0,2.0761533031599053e-05,0.0,0.0
AACGGATCGTA,0.0,0.0,0.0,0.0,0.0,2.0761533031599053e-05,0.0,9.679605072113058e-05
ACCGGCCCACC,0.0,0.0,0.0,0.0,0.0,2.0761533031599053e-05,0.0,0.0
AATGGCACAGC,0.0,0.0,0.0,0.0,0.0,2.0761533031599053e-05,0.0,0.0
NNNGGCACAAT,0.0,0.0,0.0,0.0,0.0,2.0761533031599053e-05,1.4503263234227701e-05,0.0
AGAGAAACGTT,0.0,0.0,0.0,0.0,0.0,2.0761533031599053e-05,0.0,0.0
AAGGACCCCTT,0.0,0.0,0.0,0.0,0.0,0.0,0.0003480783176214648,0.0
ATAGTTCCAAC,0.0,0.0,0.0,0.0,0.0,0.0,0.00013052936910804932,0.0
AATGTACCAAC,0.0,0.0,0.0,0.0,0.0,0.0,8.70195794053662e-05,0.0
ATAGGACCAAC,0.0,0.0,0.0,0.0,0.0,0.0,7.25163161711385e-05,0.0
ATAGTGCCAAC,0.0,0.0,0.0,0.0,0.0,0.0,5.8013052936910804e-05,0.0
ACGGGCACAAT,0.0,0.0,0.0,0.0,0.0,0.0,4.35097897026831e-05,0.0
ATAGTACCAAT,0.0,0.0,0.0,0.0,0.0,0.0,4.35097897026831e-05,0.0
ATAGTAACAAC,0.0,0.0,0.0,0.0,0.0,0.0,4.35097897026831e-05,0.0
AGAGAGGCTCG,0.0,0.0,0.0,0.0,0.0,0.0,4.35097897026831e-05,0.0
ATCGAAACAAT,0.0,0.0,0.0,0.0,0.0,0.0,4.35097897026831e-05,0.0
AATGGGACAAT,0.0,0.0,0.0,0.0,0.0,0.0,2.9006526468455402e-05,2.4199012680282646e-05
ACCGTCACAAC,0.0,0.0,0.0,0.0,0.0,0.0,2.9006526468455402e-05,0.0
ATAGTAGCAAC,0.0,0.0,0.0,0.0,0.0,0.0,2.9006526468455402e-05,0.0
ATAGTACCAAA,0.0,0.0,0.0,0.0,0.0,0.0,2.9006526468455402e-05,0.0
AGCGGTTCAAT,0.0,0.0,0.0,0.0,0.0,0.0,2.9006526468455402e-05,0.0
AGCGGCACAAT,0.0,0.0,0.0,0.0,0.0,0.0,1.4503263234227701e-05,0.0
ACGGTACCAAC,0.0,0.0,0.0,0.0,0.0,0.0,1.4503263234227701e-05,0.0
ATTGAACCACT,0.0,0.0,0.0,0.0,0.0,0.0,1.4503263234227701e-05,0.0
AACGGATCGGG,0.0,0.0,0.0,0.0,0.0,0.0,1.4503263234227701e-05,0.00029038815216339174
AACGGTTCGTC,0.0,0.0,0.0,0.0,0.0,0.0,1.4503263234227701e-05,0.0
AACGGCACAAG,0.0,0.0,0.0,0.0,0.0,0.0,1.4503263234227701e-05,0.0
AAAGGAACAAT,0.0,0.0,0.0,0.0,0.0,0.0,1.4503263234227701e-05,0.0
ATAGTGCCACC,0.0,0.0,0.0,0.0,0.0,0.0,1.4503263234227701e-05,0.0
ATAGTACCANN,0.0,0.0,0.0,0.0,0.0,0.0,1.4503263234227701e-05,0.0
AGTGTACCAAC,0.0,0.0,0.0,0.0,0.0,0.0,1.4503263234227701e-05,0.0
ATAGAACCACC,0.0,0.0,0.0,0.0,0.0,0.0,1.4503263234227701e-05,0.0
AACGGATCGAA,0.0,0.0,0.0,0.0,0.0,0.0,1.4503263234227701e-05,0.0
ACAGAAACAAT,0.0,0.0,0.0,0.0,0.0,0.0,1.4503263234227701e-05,0.0
AGAGTGACAGT,0.0,0.0,0.0,0.0,0.0,0.0,1.4503263234227701e-05,0.0
AATGGTACATG,0.0,0.0,0.0,0.0,0.0,0.0,1.4503263234227701e-05,0.0
ATAGTGCCAAT,0.0,0.0,0.0,0.0,0.0,0.0,1.4503263234227701e-05,0.0
AGTGCAACAAC,0.0,0.0,0.0,0.0,0.0,0.0,1.4503263234227701e-05,0.0
ATCGTAGCAAC,0.0,0.0,0.0,0.0,0.0,0.0,1.4503263234227701e-05,0.0
AACGGCACGAT,0.0,0.0,0.0,0.0,0.0,0.0,1.4503263234227701e-05,0.0
AGAGTATCACC,0.0,0.0,0.0,0.0,0.0,0.0,1.4503263234227701e-05,0.0
ATCGAAACAGA,0.0,0.0,0.0,0.0,0.0,0.0,1.4503263234227701e-05,0.0
AAGGGATCGGA,0.0,0.0,0.0,0.0,0.0,0.0,1.4503263234227701e-05,0.0
ACCGACACAAT,0.0,0.0,0.0,0.0,0.0,0.0,1.4503263234227701e-05,0.0
AGCGGAACAAA,0.0,0.0,0.0,0.0,0.0,0.0,1.4503263234227701e-05,0.0
AAAGGCACATC,0.0,0.0,0.0,0.0,0.0,0.0,1.4503263234227701e-05,0.0
ATCGAAACCAT,0.0,0.0,0.0,0.0,0.0,0.0,1.4503263234227701e-05,0.0
AATGTCACAAC,0.0,0.0,0.0,0.0,0.0,0.0,1.4503263234227701e-05,0.0
AATGGCACTCT,0.0,0.0,0.0,0.0,0.0,0.0,1.4503263234227701e-05,0.0
AGTGACGCGAA,0.0,0.0,0.0,0.0,0.0,0.0,1.4503263234227701e-05,0.0
ATAGTACCANC,0.0,0.0,0.0,0.0,0.0,0.0,1.4503263234227701e-05,0.0
AATGTCACGAT,0.0,0.0,0.0,0.0,0.0,0.0,1.4503263234227701e-05,0.0
ATAGCTACCGC,0.0,0.0,0.0,0.0,0.0,0.0,1.4503263234227701e-05,0.0
AACGAACCAAG,0.0,0.0,0.0,0.0,0.0,0.0,1.4503263234227701e-05,0.0
AGAGTATCAAC,0.0,0.0,0.0,0.0,0.0,0.0,1.4503263234227701e-05,0.0
ACCGCCTCAAC,0.0,0.0,0.0,0.0,0.0,0.0,1.4503263234227701e-05,0.0
ATAGGACCATC,0.0,0.0,0.0,0.0,0.0,0.0,1.4503263234227701e-05,0.0
___TGGTCAGC,0.0,0.0,0.0,0.0,0.0,0.0,1.4503263234227701e-05,0.0
AAGGAATCACC,0.0,0.0,0.0,0.0,0.0,0.0,1.4503263234227701e-05,0.0
ANTGTTACCGA,0.0,0.0,0.0,0.0,0.0,0.0,1.4503263234227701e-05,0.0
AACGGATCTTG,0.0,0.0,0.0,0.0,0.0,0.0,0.0,0.00036298519020423964
AACGTTACTTA,0.0,0.0,0.0,0.0,0.0,0.0,0.0,0.00024199012680282644
ACCGGATCGTG,0.0,0.0,0.0,0.0,0.0,0.0,0.0,0.0002177911141225438
ATGGCTTCGTG,0.0,0.0,0.0,0.0,0.0,0.0,0.0,0.0002177911141225438
AAGGTTACGTA,0.0,0.0,0.0,0.0,0.0,0.0,0.0,0.0001693930887619785
AATGGATCGTG,0.0,0.0,0.0,0.0,0.0,0.0,0.0,0.00014519407608169587
AAGGTTACTCA,0.0,0.0,0.0,0.0,0.0,0.0,0.0,0.00014519407608169587
AACGGATCGTT,0.0,0.0,0.0,0.0,0.0,0.0,0.0,0.00012099506340141322
ACAGTTACTTA,0.0,0.0,0.0,0.0,0.0,0.0,0.0,0.00012099506340141322
AACGGTTCGTG,0.0,0.0,0.0,0.0,0.0,0.0,0.0,9.679605072113058e-05
AACGGATCGCG,0.0,0.0,0.0,0.0,0.0,0.0,0.0,7.259703804084793e-05
AAAGGATCGTG,0.0,0.0,0.0,0.0,0.0,0.0,0.0,7.259703804084793e-05
AAGGTGACTTA,0.0,0.0,0.0,0.0,0.0,0.0,0.0,7.259703804084793e-05
AACGTTACTTT,0.0,0.0,0.0,0.0,0.0,0.0,0.0,4.839802536056529e-05
ATAGGATCGTG,0.0,0.0,0.0,0.0,0.0,0.0,0.0,4.839802536056529e-05
AAGGCTACTTA,0.0,0.0,0.0,0.0,0.0,0.0,0.0,4.839802536056529e-05
AATGTTACTTG,0.0,0.0,0.0,0.0,0.0,0.0,0.0,4.839802536056529e-05
ACCGAATCGTG,0.0,0.0,0.0,0.0,0.0,0.0,0.0,4.839802536056529e-05
AGAGGATCGTG,0.0,0.0,0.0,0.0,0.0,0.0,0.0,4.839802536056529e-05
AACGGCTCGTG,0.0,0.0,0.0,0.0,0.0,0.0,0.0,2.4199012680282646e-05
AAAGTATCGTC,0.0,0.0,0.0,0.0,0.0,0.0,0.0,2.4199012680282646e-05
AGCGGATCGTG,0.0,0.0,0.0,0.0,0.0,0.0,0.0,2.4199012680282646e-05
AACGGATCTGG,0.0,0.0,0.0,0.0,0.0,0.0,0.0,2.4199012680282646e-05
AGAGTGACTCT,0.0,0.0,0.0,0.0,0.0,0.0,0.0,2.4199012680282646e-05
AAGGGTCCGGT,0.0,0.0,0.0,0.0,0.0,0.0,0.0,2.4199012680282646e-05
AGAGTGACTTA,0.0,0.0,0.0,0.0,0.0,0.0,0.0,2.4199012680282646e-05
AAGGGCACACG,0.0,0.0,0.0,0.0,0.0,0.0,0.0,2.4199012680282646e-05
AACGGTTCTTA,0.0,0.0,0.0,0.0,0.0,0.0,0.0,2.4199012680282646e-05
AAGGTCACATG,0.0,0.0,0.0,0.0,0.0,0.0,0.0,2.4199012680282646e-05
ACAGGATCGTG,0.0,0.0,0.0,0.0,0.0,0.0,0.0,2.4199012680282646e-05
AAAGGATCGTC,0.0,0.0,0.0,0.0,0.0,0.0,0.0,2.4199012680282646e-05
ACAGGACCGTC,0.0,0.0,0.0,0.0,0.0,0.0,0.0,2.4199012680282646e-05
AACGGATCCTT,0.0,0.0,0.0,0.0,0.0,0.0,0.0,2.4199012680282646e-05
AACGGATCGAC,0.0,0.0,0.0,0.0,0.0,0.0,0.0,2.4199012680282646e-05
AGCGAATCGTG,0.0,0.0,0.0,0.0,0.0,0.0,0.0,2.4199012680282646e-05
AAGGGATCCTG,0.0,0.0,0.0,0.0,0.0,0.0,0.0,2.4199012680282646e-05
AAGGCTTCAAA,0.0,0.0,0.0,0.0,0.0,0.0,0.0,2.4199012680282646e-05
AACGNATCGTG,0.0,0.0,0.0,0.0,0.0,0.0,0.0,2.4199012680282646e-05
ATAGCATCGTG,0.0,0.0,0.0,0.0,0.0,0.0,0.0,2.4199012680282646e-05
AAGGGATCGTC,0.0,0.0,0.0,0.0,0.0,0.0,0.0,2.4199012680282646e-05
AAGGCGACACG,0.0,0.0,0.0,0.0,0.0,0.0,0.0,2.4199012680282646e-05
AAGATGACAGG,0.0,0.0,0.0,0.0,0.0,0.0,0.0,2.4199012680282646e-05
ACAGGACCAAA,0.0,0.0,0.0,0.0,0.0,0.0,0.0,2.4199012680282646e-05
AAGGTTACCTT,0.0,0.0,0.0,0.0,0.0,0.0,0.0,2.4199012680282646e-05
ACCGTATCGTG,0.0,0.0,0.0,0.0,0.0,0.0,0.0,2.4199012680282646e-05
ATCGGATCGTC,0.0,0.0,0.0,0.0,0.0,0.0,0.0,2.4199012680282646e-05
AACGAATCATG,0.0,0.0,0.0,0.0,0.0,0.0,0.0,2.4199012680282646e-05
AAGGTTACTTN,0.0,0.0,0.0,0.0,0.0,0.0,0.0,2.4199012680282646e-05
ATAGCTACCAT,0.0,0.0,0.0,0.0,0.0,0.0,0.0,2.4199012680282646e-05
AAGGTCACGGG,0.0,0.0,0.0,0.0,0.0,0.0,0.0,2.4199012680282646e-05
AAGGTTACATT,0.0,0.0,0.0,0.0,0.0,0.0,0.0,2.4199012680282646e-05
AAGGTTACGTC,0.0,0.0,0.0,0.0,0.0,0.0,0.0,2.4199012680282646e-05
ATCGCGACCCC,0.0,0.0,0.0,0.0,0.0,0.0,0.0,2.4199012680282646e-05
AACGTTACTTG,0.0,0.0,0.0,0.0,0.0,0.0,0.0,2.4199012680282646e-05
