barcode,0,2,4
AATGGCACAAT,0.2481612118229295,0.2668180133432172,0.3051239172507093
AAGGTTACTTA,0.058595138490143,4.633061527057079e-05,0.02016121455816313
ATTGCGTCCAC,0.01145653897684084,0.007320237212750185,0.026512091091862235
AAGGATACTAG,0.01077297459874771,4.633061527057079e-05,0.0
ACGGTATCTAA,0.01077297459874771,0.0,0.0
ATCGTAGCCCC,0.010335493396768107,0.0,0.0
ACGGTTACTCA,0.009214447816695377,0.013598035581912528,0.007684936397286785
AATGATCCGCT,0.008722281464468323,0.0,0.0
ACAGTTTCTGG,0.008722281464468323,0.008177353595255746,0.020480637342402436
AACGCTTCACT,0.008339485412736172,0.02446256486286138,0.019616316867401964
AGGGAGACGAT,0.007902004210756569,0.0022470348406226836,0.01745551567990079
ACTGAATCCAA,0.007765291335137943,0.0,0.0
AAAGACGCGTC,0.007464523008776967,0.009103965900667161,0.00443433982826328
ATGGCCACGGT,0.006972356656549914,0.0064862861378799114,0.0023674865184795477
AACGATCCACT,0.0066169031799414866,0.024925871015567088,0.00922568159185284
AGTGAATCAAG,0.006562218029694036,4.633061527057079e-05,0.0031190695402190864
ACAGTAACTAA,0.006507532879446587,0.020107487027427724,0.011875011743484714
ACTGTACCAAA,0.0064801903043228614,0.005721830985915493,0.0065387722891339884
ACGGTTTCTAA,0.005714598200858557,0.00018532246108228317,0.0
ATAGCTGCAAG,0.00552320017499248,4.633061527057079e-05,0.0018037992521748934
AA_GAAGAG__,0.005195089273507779,0.0,0.004753762612502583
AAGGGCCCAAT,0.0051404041232603285,0.005814492216456635,3.757915108697695e-05
ACAGAAT_CAT,0.0050036912476417025,0.009822090437361009,0.0012401119858702393
AGAGTGACTGT,0.004839635796899352,4.633061527057079e-05,0.0
ATAGTTACCCC,0.004812293221775627,0.015520756115641215,0.012025328347832622
ACTGCCCCCAA,0.004730265496404451,0.0028724981467753894,0.0
ACTGTGTCTAG,0.004374812019796025,0.0,0.002630540576088386
ATAGATCCCGA,0.004320126869548574,0.00018532246108228317,0.005110764547828864
AATGCGACTTC,0.004265441719301124,0.0,0.00270569887826234
AGTGACGCGAA,0.0038553030924452464,4.633061527057079e-05,0.0
ACTGGCACCTG,0.003773275367074071,0.0,0.0
AGAGCGCCGAG,0.003773275367074071,0.018393254262416604,0.01785009676631405
AGCGCTGCTAG,0.003745932791950346,0.00013899184581171237,0.002499013547283967
ATAGTTTCTCT,0.003718590216826621,0.0,0.008060727908156555
AAGGGACCTTT,0.003718590216826621,0.0,0.0
AAACGGCTCAG,0.0036912476417028956,0.0,0.0012025328347832623
AACGATACTGT,0.0036639050665791704,0.0,0.0
ATAGCTACCAC,0.003527192190960545,0.004609896219421794,0.01033426654891866
AAGGCATCTAA,0.0034998496158368197,0.00377594514455152,0.0
AACGAACCAAG,0.0034451644655893693,0.0,0.002029274158696755
AGAGAAACGAA,0.003417821890465644,0.0,3.757915108697695e-05
ACTGACGCAAT,0.003417821890465644,4.633061527057079e-05,0.0
AACGACGCTGC,0.003390479315341919,0.0,0.0
ATAGCAACTCT,0.0033357941650944685,0.010169570051890288,0.007440671915221435
AGGGTCACGTA,0.0033357941650944685,0.0,0.0032693861445669942
ATTGTGGCTAA,0.003281109014847018,0.0018300593031875462,0.0
ACTGTGCCGTA,0.0032537664397232933,0.0,0.0
ATGGCATCCTG,0.0031717387143521177,0.0,0.0
AAAGCGCCTAA,0.0031170535641046673,0.0,0.0
AGAGAAACCAA,0.003062368413857217,0.0,0.0
ACTGGCGCAGG,0.003062368413857217,0.0,0.0
ACCGCACCCGT,0.003062368413857217,0.0,0.002254749065218617
AAGGAGT_CTG,0.0029803406884860418,0.0,0.0
ATTGTTTCT__,0.0029529981133623166,0.003289473684210526,0.00627571823152515
ATAGTAAC___,0.002898312963114866,0.0,0.00022547490652186168
ATAGTACCATA,0.002843627812867416,0.0,0.0
AAAGAAACGTT,0.00276160008749624,0.0,0.0015971139211965202
ACCGTTTCATG,0.0027342575123725154,0.0015289103039288362,0.0
AACGTAACGTG,0.0027342575123725154,0.0052353595255745,0.011029480844027733
ATGGGGACGCT,0.0026248872118776146,0.0,0.0
ACCGATGCGCC,0.0026248872118776146,0.0,0.0
AACGAGTCGCT,0.0025702020616301642,0.0,0.0
AGCGGCACAAT,0.0025702020616301642,0.0,0.0026117510005448977
AAAGTAACCTT,0.002515516911382714,0.0,0.0
AACGATGCTGG,0.002488174336258989,0.002270200148257969,0.0
AACGCAGCTTC,0.0024334891860115387,0.0,0.0
ACAGACTCGTT,0.0024334891860115387,0.00013899184581171237,0.0
ATCGAAACTGG,0.0024061466108878135,0.0,0.0
ACAGCATCAGG,0.0024061466108878135,0.002455522609340252,0.0
AAAGACGCTGT,0.0024061466108878135,0.0004169755374351371,0.006407245260329569
ACGGTGCCGAC,0.0022694337352691875,0.0,0.0
ATGGCGCCGCT,0.0022420911601454623,0.0,0.0
ATAGAAACCAC,0.0022420911601454623,0.003938102297998517,0.0015595347701095432
AGCGCGTCCCC,0.0022420911601454623,0.0,0.0
AAAGT__CGTT,0.0022147485850217375,0.0,0.0
ACTGACCCGAT,0.0021874060098980123,0.002154373610081542,0.0017286409500009395
AGAGCTGCTAG,0.002132720859650562,0.0,0.0
AGCGCTTCAAG,0.002132720859650562,0.0017142327650111193,0.0
ATCGCAACAAA,0.002132720859650562,0.00018532246108228317,0.0
ACAGTTCCTTG,0.002132720859650562,0.0,0.0009206892016309352
ACGGATGCCGA,0.0021053782845268368,4.633061527057079e-05,0.0
AAAGTGGCAAA,0.0021053782845268368,0.0,0.0
AACGGTTCAGT,0.0020780357094031116,0.005351186063750926,0.0049416583679374685
AACTGGTCA__,0.0020780357094031116,0.0033126389918458118,0.0
AGCGACTCCTC,0.0020780357094031116,0.0,0.0
AAGGACACCGT,0.0020506931342793864,0.0,0.0
ACAGAATCAAT,0.002023350559155661,0.0,0.0
AACGTAACCAA,0.002023350559155661,0.0,0.004753762612502583
ACAGAACCCTT,0.002023350559155661,0.0,0.0
ATGGTAACTCC,0.001996007984031936,0.001806893995552261,0.0
AACGAGGCTGC,0.001996007984031936,0.0,0.0
ATAGTTGCCAT,0.0019686654089082108,0.0030578206078576723,0.0032318069934800173
ACAGGTACCTA,0.0019686654089082108,0.001922720533728688,0.0
ATCGGTTCTCA,0.0019686654089082108,0.0,0.0
ATGGCTACCAC,0.0019686654089082108,2.3165307635285396e-05,0.0
AAGGAACCCCC,0.0019686654089082108,0.0,0.0
ATCGCAGCATA,0.0019686654089082108,0.0,0.0
ACTGCAACCAA,0.0019413228337844858,0.0,0.0
AACGTAACATT,0.0019139802586607606,0.0,0.0
ATAGTGACCAA,0.0018866376835370356,0.0,0.0
ACTGTCCCCCA,0.0018866376835370356,0.0,0.0
ACGGGACCAAT,0.0018592951084133104,0.0,0.0028184363315232708
ACAGGCACGCG,0.0018592951084133104,4.633061527057079e-05,3.757915108697695e-05
AAAGTTACACA,0.0018592951084133104,0.0,0.0014280077413051239
ATCGTATCTAC,0.0018319525332895852,4.633061527057079e-05,0.0
ATGGTCACTAC,0.0017772673830421348,0.0,0.0
AGGGCACCTAT,0.0017499248079184098,0.0,0.0
AAAGTGC_CTG,0.0017499248079184098,0.0,0.0
AAAGCCCCCTA,0.0017225822327946846,0.0,0.0
AATGATTCCAT,0.0017225822327946846,0.0,0.0
ACGGAAGCGAA,0.0016952396576709594,0.0,0.0
ATCGGTACTCT,0.0016952396576709594,0.0,0.0
AACGTGGCCTA,0.0016952396576709594,0.0,0.0
AAAGCAACGTT,0.0016952396576709594,0.0,0.0
ATTGCGTCGCC,0.0016952396576709594,0.0,0.0
AAGGCTTCGAC,0.0016678970825472342,0.0,0.0
ATAGTTACGTA,0.0016678970825472342,0.0063472942920681985,0.0
AATGCTACGGT,0.001640554507423509,0.0024323573017049666,0.0
ACAGCCACGGT,0.001640554507423509,0.0,0.0
AAGGCCCCCTT,0.001640554507423509,0.002177538917716827,0.001277691136957216
ACGGTATCCAA,0.001640554507423509,0.0038917716827279467,0.0
AACGACGCGGT,0.001640554507423509,9.266123054114158e-05,0.0
AATGGATCCAA,0.001640554507423509,0.0,0.0055429247853291
ACGGCCCCGGA,0.001613211932299784,0.0,0.0
AGAGAATCGAC,0.001613211932299784,0.006185137138621201,3.757915108697695e-05
___TGTTCAGC,0.0015858693571760589,0.0,0.001747430525544428
ACAGATTCCAC,0.0015858693571760589,0.0,0.0
ATGGCGTCGAG,0.0015858693571760589,0.0,0.0
AGCGCCACAGA,0.0015858693571760589,0.0,0.0
ACTGCAACCAT,0.0015585267820523337,0.0,0.0
AAAGATCCATA,0.0015311842069286085,0.0,0.0
AGAGTTCCAAT,0.0015311842069286085,0.0,0.0
AGGGTTGCAG_,0.0015311842069286085,0.0,0.0
AACGCATCCTA,0.0015311842069286085,0.0,0.0
AACGTTGCTTC,0.0015311842069286085,0.0,0.0
ATGGACTCCGA,0.0015038416318048835,0.0,0.0
AATGTATCGGT,0.0015038416318048835,0.0,0.0
AGTGACTCAGC,0.0014764990566811583,0.0,0.0
AAAGAATCAAA,0.0014764990566811583,0.0,0.0
ATTGTAACGCA,0.0014764990566811583,0.0,0.0
ACAGTTCCCTT,0.0014764990566811583,0.0,0.0
AACGTACCTCC,0.0014764990566811583,0.0023628613787991105,0.0
AGTGGATCAGC,0.001449156481557433,0.0,0.0
ATAGGTGCAAA,0.001421813906433708,0.0,0.0
ACTGCCGCAAC,0.001421813906433708,0.00013899184581171237,0.0
AAGGTTACAGG,0.001421813906433708,0.0,0.0
AAAGACACTGA,0.001421813906433708,0.0,0.0
ATTGTCGCGAT,0.001421813906433708,0.0,0.0
ACCGACCCTCA,0.001421813906433708,0.0,0.0
ACCGCATGTGT,0.001421813906433708,0.0018995552260934025,0.0
AAAGTGCCCGT,0.001421813906433708,0.0,0.0
AGCGACCCACC,0.0013944713313099827,0.0029883246849518163,0.0
AAAGTTACAAA,0.0013944713313099827,0.0,0.0
ATA_GTACAGC,0.0013671287561862577,4.633061527057079e-05,0.0
AAAGCTCCTAA,0.0013671287561862577,0.0017605633802816902,0.0028560154826102477
AGAGTTGCCTT,0.0013671287561862577,0.0,0.0
AACGATCCCTG,0.0013671287561862577,0.0,0.0
AAAGGCCCGAA,0.0013671287561862577,0.0,0.0
ACTGCTACTCA,0.0013671287561862577,0.0,0.0
ACTGACACCGA,0.0013671287561862577,0.0,0.0
AATGTAACCTC,0.0013671287561862577,0.0,0.0016910617989139625
ATAGCTCCAAC,0.0013671287561862577,0.0033589696071163826,0.002630540576088386
ACTGTGCCTAC,0.0013671287561862577,0.0,0.0
AACGGTTCTCA,0.0013671287561862577,0.0,0.0
AATGTGGCTCT,0.0013671287561862577,0.0,0.002292328216305594
ACTGTAACGGT,0.0013397861810625325,0.0,0.0
AACGAACCCGT,0.0013124436059388073,0.002084877687175686,0.013321809060333327
ACAGTAACAGC,0.0013124436059388073,0.0,0.0
ATAGGTCCTAG,0.0013124436059388073,0.0,0.0
AATGCTACATA,0.0013124436059388073,0.0,0.0
AGAGCCTCAAT,0.0013124436059388073,4.633061527057079e-05,0.0
AAGGTCACTAA,0.0013124436059388073,0.0,0.0
AACGGTACGAT,0.0013124436059388073,0.0,0.0
ACAGGCGCGAT,0.0013124436059388073,0.0,0.0
ACCGCAACGCA,0.0012851010308150821,0.0,0.006557561864677477
ACTGTAACATT,0.001257758455691357,0.005119532987398073,0.0031566486913060634
ATCGTCGCGTA,0.001257758455691357,0.0,0.0015783243456530317
ATAGCGACAAA,0.001257758455691357,0.0,0.0
AAAGTCGCCGG,0.001230415880567632,0.0,0.0018601679788053588
ATGGAAACATA,0.0012030733054439067,0.0,0.0
AGGGTAGCCTA,0.0012030733054439067,0.0,0.0
AAGGCGCCTGA,0.0012030733054439067,0.0,0.0015971139211965202
ACAGCGTCAAA,0.0012030733054439067,0.0,0.0
ATCGTGGCGAT,0.0012030733054439067,0.0,0.0
AACGCCTCGAA,0.0012030733054439067,0.0,0.0
ACTGGGTCAAA,0.0011483881551964564,0.0,0.0
AAAGGCTAAAT,0.0011483881551964564,0.0,0.0
AATGCTACGAG,0.0011483881551964564,0.0,0.0
ACAGAAACAAT,0.0011483881551964564,0.0,0.0
AGGGAAACTAG,0.0011483881551964564,0.0,0.0
ATCGGAACAAA,0.0011483881551964564,0.0,3.757915108697695e-05
ATCGCCTCAAA,0.0011483881551964564,0.0,0.0
ACCGAATCTTG,0.0011483881551964564,0.0,0.008361361116852371
AGGGTTACTC_,0.0011483881551964564,0.0,0.0
AATGTCACCAA,0.0011483881551964564,0.001806893995552261,0.0017286409500009395
AAGGCTTCCAA,0.0010937030049490062,0.0,0.0
ATCGGCCCTCT,0.0010937030049490062,0.0,0.0
ATAGACACTGC,0.0010937030049490062,0.0,0.0
AATGAGTCACG,0.0010937030049490062,0.001992216456634544,0.0
AGTGGAACTCT,0.0010937030049490062,0.0,0.003983390015219556
ATGGTCTCAAT,0.0010937030049490062,0.0,0.0
AGCGTATCATT,0.001066360429825281,0.0,0.0
ATGGGTACCCA,0.001066360429825281,0.0,0.0
ACAGCGCCCCA,0.001066360429825281,0.0,3.757915108697695e-05
AATGCAACTTA,0.0010390178547015558,0.0,0.0
AACGAACCCCC,0.0010390178547015558,9.266123054114158e-05,0.0
AATGACTCAAA,0.0010390178547015558,0.0,0.0
ACTGGTACAGT,0.0010390178547015558,4.633061527057079e-05,0.0
AAAGCTACTGA,0.0009843327044541054,0.0,0.0
AAGGAGACCTG,0.0009843327044541054,0.0,0.0
AAAGGTCCGTT,0.0009843327044541054,0.0,0.0
AACGCAGCAAG,0.0009569901293303803,0.003266308376575241,0.0
ACCGAATCAAA,0.0009569901293303803,0.0,0.0
AAGGCCCCATA,0.0009296475542066552,0.0,0.0
ACCGTCACAAC,0.0009296475542066552,0.0,0.0
ACCGACACATT,0.0009296475542066552,0.0,0.0
ACGGAAACCAT,0.0009296475542066552,0.0,0.0
ATAGCAGCCTC,0.0009296475542066552,0.0,0.0
AAAGAGTCAGC,0.0009296475542066552,0.0015289103039288362,0.0015783243456530317
AGAGTCCCACC,0.0009296475542066552,0.0,0.0
AAAGAAACCTA,0.0009296475542066552,0.0,0.0
ATAGAATCCCT,0.0009296475542066552,0.0,0.0
ACTGCGGCATC,0.0009296475542066552,0.0,0.0
ATGGCAACACA,0.0009296475542066552,0.0,0.0
AAAGAACCTAT,0.0009296475542066552,0.0,0.0
AGGGGAGCTTT,0.00090230497908293,9.266123054114158e-05,0.0
AAAGTCGCTAT,0.0008749624039592049,0.0,0.0
AGTGATGCCCT,0.0008749624039592049,0.0,0.0
AAAGCCACGAG,0.0008749624039592049,0.0,0.0
AATGCTTCCCA,0.0008202772537117545,0.004887879911045219,0.0
ATAGTAACAAG,0.0008202772537117545,0.0,0.0
AATGATACCAA,0.0008202772537117545,0.0,0.0
ATGGAATCCCA,0.0008202772537117545,0.0,0.0
ACGGAATCGGA,0.0008202772537117545,0.0,0.0
AGCGCAACTAA,0.0007655921034643042,0.0,0.0
AAAGAACCATA,0.0007655921034643042,0.0,0.0
AAAGGCTCGGC,0.0007655921034643042,0.0,0.0
ACTGGAACAAA,0.0007655921034643042,0.0022933654558932545,0.0
ACTGTGTTCAG,0.0007655921034643042,0.0,0.001991695007609778
ATAGGTCCTTA,0.0007655921034643042,0.0,0.0
ATCGAGCCGAA,0.0007655921034643042,0.0,0.0
AACGTGTCCTC,0.0007655921034643042,0.0,0.0
AACGGCACTAA,0.0007655921034643042,0.0,0.0
ACGGACTCATT,0.0007655921034643042,0.0,0.0
AATGGTCCGAT,0.0007655921034643042,0.0,0.0
ACAGTAACCAC,0.0007382495283405791,0.00553650852483321,0.0
AGAGTTACGAA,0.0007382495283405791,0.0059071534469977765,0.0
AATGGTGCGTT,0.0007382495283405791,0.0,0.0
AAGGTAGCATT,0.000710906953216854,4.633061527057079e-05,0.0
ACTGAAACCAA,0.000710906953216854,0.0,0.0
AATGTATCCCC,0.0006835643780931289,0.0,0.0
AAGGGTACCGT,0.0006562218029694037,4.633061527057079e-05,0.0
ACTGAACCTGA,0.0006562218029694037,0.0,0.0
AAAGATTCTAA,0.0006562218029694037,0.0,0.0
AAAGTTGCTAT,0.0006562218029694037,0.0025945144551519643,0.0
ACTGAAACTTG,0.0006562218029694037,0.0023860266864343957,0.0
AAGGCGACATG,0.0006288792278456785,4.633061527057079e-05,0.0023299073673925708
ACAGGAACTTA,0.0006288792278456785,0.0,0.0
AGGGACTCAAG,0.0006288792278456785,0.0,0.0
ATAGACCCGGA,0.0006288792278456785,0.0,0.0
AACGCCGCCAT,0.0006288792278456785,0.0,0.0
AACGCATCATG,0.0006015366527219534,0.0,0.0
AACGACTCGGG,0.0006015366527219534,0.0,0.0
AAAGAAACGCT,0.0006015366527219534,0.0,0.0
AAGGCCTCTGT,0.0006015366527219534,0.0,0.0
AATGAAGCTAA,0.0006015366527219534,0.0,0.0
ACCGCTACACA,0.0005741940775982282,0.0,0.0
ATTGTGCCAGC,0.0005741940775982282,0.0,0.0
AATGTACCTCT,0.0005468515024745031,0.0,0.0
AACGAATCACC,0.0005468515024745031,0.00013899184581171237,0.0
ACAGTACCTGG,0.0005468515024745031,0.0,0.0
AGTGCTGCCAA,0.0005468515024745031,0.0,0.0
ACTGGCACATT,0.0005468515024745031,4.633061527057079e-05,0.0018037992521748934
AGAGACTCCGA,0.0005468515024745031,0.0,0.0
AATGGTCCTTG,0.0005195089273507779,0.0011582653817642698,0.0
AACGA__CGAT,0.0005195089273507779,0.0,0.0
AAAGGATCTGT,0.0004921663522270527,0.0,0.0
AATGTCGCTAT,0.0004921663522270527,0.0,0.0
AACGATTCGTT,0.0004921663522270527,0.0,0.0
AATGACTCAAT,0.0004921663522270527,0.0,0.0
ACAGCCACTTC,0.0004921663522270527,0.0,0.0014092181657616354
AGGGAAGCTAA,0.0004921663522270527,0.0,0.0
ACGGGGTCCTA,0.0004921663522270527,0.0,0.0
ACAGTATCGCC,0.0004921663522270527,0.0,0.0
ACAGCTCCAGG,0.0004921663522270527,0.0,0.0
ATTGCCACAGA,0.0004921663522270527,0.0,0.0
ATCGTAACACG,0.0004921663522270527,0.0,0.0
AAAGCCTCGGA,0.0004921663522270527,0.0,0.0
ATCGGCCCGAG,0.0004921663522270527,0.0,0.0
ACCGAATCACG,0.0004648237771033276,0.0,0.0
ATTGATGTTCA,0.00043748120197960246,0.0,0.0
ATTGATTCTAT,0.00043748120197960246,0.0,0.0
ACTGCCACGCA,0.00043748120197960246,0.0,0.0
AAAGATGCATA,0.00043748120197960246,0.0,0.0
AGAGCAACAAA,0.00043748120197960246,0.0,0.0
AGAGCAT__CT,0.00043748120197960246,0.0,0.0
AACGACCCATT,0.00043748120197960246,0.0,0.0
ACCGGACCCCT,0.00043748120197960246,0.0,0.0
ACCGGATCACC,0.00043748120197960246,0.0023165307635285397,0.0
AGGGTAGCAAA,0.00043748120197960246,0.0,0.0
ATGGAAGCAGT,0.00041013862685587726,0.0,0.0
AGGGGTACGAG,0.00041013862685587726,0.0,0.0
ATAGATACGAA,0.0003827960517321521,0.0,0.0
AACGGGACCGA,0.0003827960517321521,0.0,0.0
AAAGGCGCATA,0.0003827960517321521,0.0,0.0
ATGGTATCCCG,0.0003827960517321521,0.0,0.0
ATGGGCCCAGG,0.0003827960517321521,0.0,0.0
ATAGGCACAAA,0.0003827960517321521,0.0,0.0
ACTGATGCACT,0.0003827960517321521,0.0,0.0
AGTGAGACTCA,0.0003827960517321521,0.0,0.0
ATGGGGTCTAA,0.0003827960517321521,0.00018532246108228317,0.0012964807125007045
ACAGCTGCTCA,0.0003827960517321521,0.003451630837657524,0.0
ATCGGCCCTAC,0.0003827960517321521,0.0,0.0
AGGGCTACATC,0.0003827960517321521,0.0,0.0
ACCGCGTCCAC,0.0003827960517321521,0.0,0.0
ATCAATGCTCA,0.0003827960517321521,0.0025481838398813935,0.0
ATAGCAACCGC,0.0003827960517321521,0.0,0.0
ACCGTAACGCA,0.0003827960517321521,0.0,0.0
AAAGGGTCAG_,0.0003827960517321521,0.0,0.0
AACGATCCTCC,0.00032811090148470183,0.0031273165307635284,0.0
ATGGAATCTGT,0.00032811090148470183,0.0,0.0
AAAGTTACGCC,0.00032811090148470183,0.0,0.0
ACAGGCCCAAG,0.00032811090148470183,0.0,0.0
AGAGGCGCTTC,0.00032811090148470183,0.0,0.0
AGGGTTACAAA,0.00032811090148470183,0.0,1.8789575543488474e-05
ACCGCGGCTAG,0.00032811090148470183,0.0,0.0
AAGGGTGCACC,0.00032811090148470183,0.0,0.0
ACAGCCCCGAC,0.00032811090148470183,0.0,0.0
ACGGGCCCCAG,0.00032811090148470183,0.0,0.0
AGAGATTCGTA,0.00032811090148470183,0.0,0.0
ATCGAATCGAT,0.00032811090148470183,0.0,0.0
ATTGCCCCAGG,0.00032811090148470183,0.0,0.0
ACGGTCGCGCC,0.00032811090148470183,0.0,0.0
AAAGTTCCATA,0.00032811090148470183,0.0,0.0
AATGAAACCGT,0.00032811090148470183,0.0,0.0
AACGGAGCCTT,0.0003007683263609767,0.0,0.002743278029349317
AAAGCGGCTTG,0.0003007683263609767,0.0,0.0
AAGGCAACATG,0.00027342575123725154,0.0,0.0
AGAGTGACCTG,0.00027342575123725154,0.0,0.0
ATTGTAACGCT,0.00027342575123725154,0.0,0.0
ACGGCTGA___,0.00027342575123725154,0.0,0.0
ACCGATACGCC,0.00027342575123725154,0.0,0.0
ACAGACACCAG,0.00027342575123725154,0.0,0.0
AATGATGCTTT,0.00027342575123725154,0.0,0.0
AGTGCAACTAT,0.00027342575123725154,0.0,0.0
AATGAGTCACC,0.00027342575123725154,0.0,0.0
AACGCATCACG,0.00027342575123725154,0.0,0.0
AAAGGATCGAG,0.00027342575123725154,0.0,0.0
AGAGAATCTGG,0.00027342575123725154,0.0,0.0
ACAGTTTCGTT,0.00027342575123725154,0.0,0.0
AAAGAGACAGA,0.00027342575123725154,0.0,0.0
AACGTACCAGT,0.00027342575123725154,0.0,0.0
ATTGTACCTCG,0.00027342575123725154,0.0,0.0
ATCGCTCCGAA,0.00027342575123725154,0.0,0.0
ACCGAAGCAAT,0.00027342575123725154,0.0,0.0
ATTGGCCCTCC,0.00027342575123725154,0.0,0.0
AATGTGTCCTC,0.00027342575123725154,0.0,0.0
AAGGGCTCAAC,0.00027342575123725154,0.0,0.0
ATAGCTACAAT,0.00027342575123725154,0.0,0.0
ACCGGAACAAC,0.00027342575123725154,0.0,0.0
AACGAACCCAA,0.00027342575123725154,0.0,0.0
ATCGAGTCTGT,0.00027342575123725154,0.0,0.0
AATGTAACCAG,0.00027342575123725154,0.0,0.0
ATTGATTCATC,0.00027342575123725154,0.0,0.0
ATCGTCCCTAA,0.00027342575123725154,0.0,0.0
AGTGCTCCAAC,0.00027342575123725154,0.0,0.0
AACGTCACTTA,0.00027342575123725154,0.0,0.0
ACGGACCCGCC,0.00027342575123725154,0.0,0.0
ACTGCAGCCAT,0.00027342575123725154,0.003961267605633803,0.0
ACCGCCTCTGC,0.00027342575123725154,0.0,0.0
ATAGAGGCAAG,0.00024608317611352635,0.0,0.0
AACGATTCCAG,0.00024608317611352635,0.0,0.0
AACGCCACGAT,0.00021874060098980123,0.0,0.0
AAAGACACGAA,0.00021874060098980123,0.0,0.0
ACGGAAACTCA,0.00021874060098980123,0.0,0.0
ATCGAAACAGA,0.00021874060098980123,0.0,0.0
ACAGGCTCGAT,0.00021874060098980123,0.0,0.0
ATAGTGACATT,0.00021874060098980123,0.0,0.0
ATCGACACGAC,0.00021874060098980123,0.0,0.0
ATCGCAACCCC,0.00021874060098980123,0.0,0.0
AGAGAAACTCT,0.00021874060098980123,0.0,0.0
AGCGAATCGTG,0.00021874060098980123,0.0,0.0
AACGTCTCCAT,0.00021874060098980123,0.0,0.0
ACCGGGGCAGG,0.00021874060098980123,0.0,0.0
AACGCCACGCC,0.00021874060098980123,0.0,0.0
AGTGGGCCGCA,0.00021874060098980123,0.0,0.0
AAAGTCACCAA,0.00021874060098980123,0.0,0.0
ACAGGGTCCAC,0.00021874060098980123,0.0,0.0
AGCGATACGAC,0.00021874060098980123,0.0,0.0
AATGTTACCGA,0.00021874060098980123,0.0,0.0
AAAGAGGCATC,0.00021874060098980123,4.633061527057079e-05,0.0
ACTGACTCTCA,0.00021874060098980123,0.0,0.0
AGAGAACCGAG,0.00021874060098980123,0.0,0.0
ATGGTCACCTT,0.00021874060098980123,0.0,0.0
AATGTTTCTAC,0.00021874060098980123,0.0,0.0
AACGTTGCATT,0.00021874060098980123,0.0,0.0
AACGCGGCAT_,0.00021874060098980123,0.0,0.0
AATGTTTCGTA,0.00021874060098980123,0.0,0.0
AAAGAATCCTG,0.00021874060098980123,0.0,0.0
ATAGATTCTGG,0.00021874060098980123,0.0,0.0
AGGGTCCCATG,0.00021874060098980123,0.0,0.0
AACGAAACTGG,0.00021874060098980123,0.0,0.0
AAGGTCTCTCA,0.00021874060098980123,0.0,0.0
ATGGGAACCGC,0.00021874060098980123,0.0,0.0
ATTGTTTCTCC,0.00021874060098980123,0.0,0.0
AGAGTTGCTGT,0.00021874060098980123,0.0,0.0
AATGCACCTAG,0.00021874060098980123,0.0,0.0
AACGCAACACC,0.00021874060098980123,0.0,0.0
AAAGGCACAAT,0.00021874060098980123,9.266123054114158e-05,5.636872663046542e-05
AAGGCTTCTTG,0.00021874060098980123,0.0,0.0
ACAGGGTCGCG,0.00021874060098980123,0.0,0.0
AATGATCCCTT,0.00021874060098980123,0.0,0.0
ATTGATTCCTA,0.00021874060098980123,0.0,0.0
AAGGTTTCAGA,0.00021874060098980123,0.0,0.0
ATAGTATCTGG,0.00021874060098980123,0.0,0.0
ATAGTCATGTG,0.00021874060098980123,0.0,0.0
ATAGCCACAAC,0.00021874060098980123,0.0,0.0
AATGACACAAT,0.00021874060098980123,4.633061527057079e-05,9.394787771744236e-05
AGCGGCTCTGC,0.00021874060098980123,0.0,0.0
ACCGTCCCTAC,0.00021874060098980123,0.0,0.0
AAGGATGCTTC,0.00021874060098980123,0.0,0.0
ATAGTGACAAG,0.00021874060098980123,0.0,0.0
AAAGCGTCAAG,0.00021874060098980123,0.0,0.0
ACCGCTACAAC,0.00021874060098980123,0.0,0.0
ACGGATGC___,0.00021874060098980123,0.0,0.0008831100505439582
ATTGAGACGTT,0.00019139802586607606,0.0,0.001991695007609778
ATTGCGTCAGA,0.00019139802586607606,0.0,0.0
ACGGATGCTAG,0.00019139802586607606,0.0,0.0008643204750004697
ACAGATCCGCT,0.00016405545074235091,0.0,0.0
ACTGGAGCGGG,0.00016405545074235091,0.0,0.0
ATAGAAGCTAA,0.00016405545074235091,0.0,0.0
ATCGAGTCGCC,0.00016405545074235091,0.0,0.0
ATGGCAGCACA,0.00016405545074235091,0.0,0.009451156498374701
AGAGGACCTTT,0.00016405545074235091,0.0,0.0
AAGGCCGCATG,0.00016405545074235091,0.00023165307635285396,0.0
ACAGAGACCCT,0.00016405545074235091,0.0,0.0
ACGGATACAGT,0.00016405545074235091,0.0024786879169755374,0.002179590763044663
AGAGCAACTGA,0.00016405545074235091,0.0,0.0
AACGGTACTG_,0.00016405545074235091,0.0,0.0
ATGGTCACCCT,0.00016405545074235091,0.0,0.0024050656695665247
ACAGAGACCAA,0.00016405545074235091,0.0,0.0
ACCGCCACAAA,0.00016405545074235091,0.0,0.0
AAAGACCCGAC,0.00016405545074235091,0.0,0.0
AGTGAAGCCAC,0.00016405545074235091,0.0,0.0
AAAGGCCA___,0.00016405545074235091,0.0,0.0
ATAGCGACGAC,0.00016405545074235091,0.0,0.0
ACGGAAACAAA,0.00016405545074235091,0.0,0.0
AGAGTCGCCGG,0.00016405545074235091,0.0,0.0
AGAGCGCCTAC,0.00016405545074235091,0.0,0.0
AATGCAGCGCC,0.00016405545074235091,0.0,0.0
ACCGAAGCAAG,0.00016405545074235091,0.0,0.0
AGAGAATCAAC,0.00016405545074235091,0.0,0.0
AAAGCCTCTAA,0.00016405545074235091,0.0,0.0
ACAGCGACAAA,0.00016405545074235091,0.0,0.0
AACGCCACAAA,0.00016405545074235091,0.0,0.0
AAGGCCACTAT,0.00016405545074235091,0.0,0.0
ATGGACACGAT,0.00016405545074235091,0.0,0.0
ATTGACGCCCC,0.00016405545074235091,0.0,0.002273538640762105
AAAGGTACCAA,0.00016405545074235091,0.0,0.0
AGAGACTCTAA,0.00016405545074235091,0.0,0.0
ACCGTCACAGT,0.00016405545074235091,0.0,0.0
ATCGCTACAAT,0.00016405545074235091,0.0,0.0
ACAGAGTCCAA,0.00016405545074235091,0.0,0.0
AAAGCACCATT,0.00016405545074235091,0.0,0.0
ACTGTTTCATG,0.00016405545074235091,0.0,0.0
AACGGAACTTA,0.00016405545074235091,0.0,0.0
AGA_GCTTGAA,0.00016405545074235091,0.0,0.0
ACAGGCACAAT,0.00016405545074235091,0.0,0.0
ACGGAGACCAA,0.00016405545074235091,0.0,0.0
AAGGCTACACT,0.00016405545074235091,0.0,0.0
AAGGTTTCAAC,0.00016405545074235091,0.0,0.0
ACGGAGCCATT,0.00016405545074235091,9.266123054114158e-05,0.0
ACAGGTTCCTT,0.00016405545074235091,0.0,0.0
ACAGCACCTAC,0.00016405545074235091,0.0,0.0
ATAGAAGCGCT,0.00016405545074235091,0.0,0.0
ATCGAAACGAA,0.00016405545074235091,0.0,0.0015595347701095432
ATAGTCACTTA,0.00016405545074235091,0.0,0.0
ATTGGTCCCGT,0.00016405545074235091,0.0,0.0
AAGGTCTCTAG,0.00016405545074235091,0.0,0.0
ACCGTAACTTA,0.00016405545074235091,0.0,0.0
AATGGCCCGAT,0.00016405545074235091,0.0,0.0
AGAGTTGCCAT,0.00016405545074235091,0.0,0.0
ACAGATGCGAC,0.00016405545074235091,0.0,0.0
AAAGTGACACT,0.00016405545074235091,0.0,0.0
ATCGTCTCACT,0.00016405545074235091,0.0,0.0
ACCGCGGCAGA,0.00016405545074235091,0.0,0.0
AATGGGGCTAG,0.00016405545074235091,0.0,0.0
ATTGTGCCCAC,0.00016405545074235091,0.0,0.0
ACTGATTCCTT,0.00016405545074235091,0.0,0.0
ACGGATTCCCA,0.00016405545074235091,9.266123054114158e-05,0.001390428590218147
ACTGAGTCAAC,0.00016405545074235091,0.0,0.0
AAGGATTCAAA,0.00016405545074235091,0.0,0.0
ATGGGATCGAT,0.00016405545074235091,0.0,0.0
ATCGACACCAG,0.00016405545074235091,0.0,0.0
AACGCCTCTAT,0.00016405545074235091,0.004494069681245367,0.003250596569023506
ACGGCATCATG,0.00016405545074235091,0.0,0.0
AAAGCAACGTA,0.00016405545074235091,0.0,0.0
ACAGAAACAAA,0.00016405545074235091,0.0,0.0
ACCGGGACATA,0.00016405545074235091,0.0,0.0
AATGCTACTCG,0.00016405545074235091,0.0,0.0
AAAGGTCCATT,0.00016405545074235091,0.0,0.0
AGGGGTGCAAG,0.00016405545074235091,0.0,0.0
AATGACTCCAG,0.00016405545074235091,0.0,0.0
ACAGAATCCTG,0.00016405545074235091,0.0,0.0
AGAGATCCAAA,0.00016405545074235091,0.0,0.0
AGTGATGCAGT,0.00016405545074235091,0.0,0.0
ACAGTAACGAA,0.00016405545074235091,0.0,0.0
ACCGCTGCTTG,0.00016405545074235091,0.0,0.0
AGCGACTCAGA,0.00016405545074235091,0.0,0.0
ACCGTACCCCG,0.00016405545074235091,0.0,0.0
AAGGGCACAAT,0.00013671287561862577,0.0,1.8789575543488474e-05
ACAGATACAAT,0.00013671287561862577,0.0,0.0
ATAGGCGCGTG,0.00013671287561862577,0.0,0.0
ACCGCTACCAG,0.00013671287561862577,0.0,0.0
AGCGATACAAA,0.00013671287561862577,0.0,0.0
AACGAGGCGGC,0.00013671287561862577,0.0,0.0
ACGGCCTCCAT,0.00010937030049490061,0.0,0.0
AACGGACCACA,0.00010937030049490061,0.0,0.0
AGAGCTGCCAA,0.00010937030049490061,0.0,0.0
ATAGAACCCAA,0.00010937030049490061,0.0,0.0
AAAGAAACTGC,0.00010937030049490061,0.0,0.0
AATGAACCAGC,0.00010937030049490061,0.0,0.0
AGGGCCTCAAT,0.00010937030049490061,0.0,0.0
AGAGCGCCCAG,0.00010937030049490061,0.0,0.0
ACCGGAACAAG,0.00010937030049490061,0.0,0.0
AAAGTTACAAG,0.00010937030049490061,0.0,0.0
ATAGACACGTA,0.00010937030049490061,0.0,0.0
AAAGTTACCCT,0.00010937030049490061,0.0,0.0
AAGGCTTCCAT,0.00010937030049490061,0.0,0.0
ACAGCTACGTT,0.00010937030049490061,0.0,0.0
ATAGACCCGTT,0.00010937030049490061,0.0,0.0
AACGCGACAAT,0.00010937030049490061,0.0,0.0
AGAGCAGCCAA,0.00010937030049490061,0.0,0.0018037992521748934
AAGGCACCCAG,0.00010937030049490061,0.0,0.0
ACGGAAACATG,0.00010937030049490061,0.0,0.0
AATGATTCTGC,0.00010937030049490061,0.0,0.0
AAGGACACCAT,0.00010937030049490061,0.002270200148257969,0.0
AAAGTAACAAT,0.00010937030049490061,0.0,0.0
ATAGCTCCAGT,0.00010937030049490061,0.0,0.0
AATGAGCCTTG,0.00010937030049490061,0.0,0.0
AATGCCCCTTG,0.00010937030049490061,0.0,0.0
ATGGAGACGCA,0.00010937030049490061,0.0,0.0
AACGTATCCAT,0.00010937030049490061,0.0,0.0
ATCGGCACTTA,0.00010937030049490061,0.0,0.0
ACAGAAACCAA,0.00010937030049490061,0.0,0.0
ACGGCCACATA,0.00010937030049490061,0.0,0.0
AATGCAACCGT,0.00010937030049490061,0.0,0.0
AAAGACCCTAA,0.00010937030049490061,0.0,0.0
AAGGGTGCGAA,0.00010937030049490061,0.0,0.0
ACGGAAACAGT,0.00010937030049490061,0.0,0.0
ACAGATTCACT,0.00010937030049490061,0.0,0.0
ATCGTATCGAA,0.00010937030049490061,0.0,0.0
ACCGGCCCCGA,0.00010937030049490061,0.0,0.0
ATGGATCCTTG,0.00010937030049490061,0.0,0.0
AACGGCCCTGA,0.00010937030049490061,0.0,0.0
AGGGACTCCAG,0.00010937030049490061,0.0,0.0
ACAGGTTCCCG,0.00010937030049490061,0.0,0.0
ACTGCTTCACT,0.00010937030049490061,0.0,0.0
AAAGGAGCATC,0.00010937030049490061,0.0,0.0
AAAGATGCAAT,0.00010937030049490061,0.0,0.0
ACTGTAGCATT,0.00010937030049490061,0.0,0.0
AATGCTCCTTG,0.00010937030049490061,0.0,0.0
ACTGAATCACA,0.00010937030049490061,0.0,0.0
ACGGTTCCACT,0.00010937030049490061,0.0,0.0
ACCGGGCCTAT,0.00010937030049490061,0.0,0.0
AAAGCGACGGT,0.00010937030049490061,0.0,0.0
AAAGAAGCAGT,0.00010937030049490061,0.0,0.0
ACTGACCCTAT,0.00010937030049490061,0.0,0.0
AGCGTGACTAA,0.00010937030049490061,0.0,0.0
AAGGCTTCACC,0.00010937030049490061,0.0,0.0
ATCGATCCAAT,0.00010937030049490061,0.0,0.0
ATTGGAACTTA,0.00010937030049490061,0.0,0.0
ACTGCACCCAA,0.00010937030049490061,0.0,0.0
ATCGTCACACT,0.00010937030049490061,0.0,0.0
ATAGGAACATA,0.00010937030049490061,0.0,0.0
AATGAGGCCCT,0.00010937030049490061,0.0,0.0
AATGTTACAAC,0.00010937030049490061,0.0,0.0
AAAGGGGCACA,0.00010937030049490061,4.633061527057079e-05,0.0
ACAGTCACAAG,0.00010937030049490061,0.0,0.0
ATCGCTTCAGC,0.00010937030049490061,0.0,0.0
AAGGAAACAAA,0.00010937030049490061,0.0,0.0016534826478269856
AAAGGTTCTCA,0.00010937030049490061,0.0,0.0
AAAGCACCATA,0.00010937030049490061,0.0,0.0
AAAGCCGCATA,0.00010937030049490061,0.002177538917716827,0.0
ATGGATACGCT,0.00010937030049490061,0.0,0.0
ATGGCACCCTA,0.00010937030049490061,0.0,0.0
AAAGCCCTGCC,0.00010937030049490061,0.0,0.0
AACGTGGTCAG,0.00010937030049490061,0.0028724981467753894,0.0
AAAGGGCCTTG,0.00010937030049490061,0.0,0.0
ACAGCCTCGAC,0.00010937030049490061,0.0,0.0
ACAGCTTCACT,0.00010937030049490061,0.0,0.0
AAAGGCGCTTC,0.00010937030049490061,0.0,0.0
AAAGGGACTCT,0.00010937030049490061,0.0,0.0
AGAGCTCCAAA,0.00010937030049490061,0.0,0.0
AGCGTGTTCAG,0.00010937030049490061,0.0,0.0
ACGGCAGCTCT,0.00010937030049490061,0.0,0.0
ATCGTGACCCC,0.00010937030049490061,0.0,0.0
AGTGGACCATA,0.00010937030049490061,0.0,0.0
AAGGTTACCTA,0.00010937030049490061,0.0,0.0
ACAGCATCTCT,0.00010937030049490061,0.0,0.0
ACAGTTACATC,0.00010937030049490061,0.0,0.0
ATAGGAGCAAG,0.00010937030049490061,0.0,0.0
AATGAAACAGA,0.00010937030049490061,0.0,0.0
AAAGGTTCTGT,0.00010937030049490061,0.0,0.0
ACGGATCCGCC,0.00010937030049490061,0.0,0.0
ACGGTCGCTGG,0.00010937030049490061,0.0,0.0
AAGGCTGCGTA,0.00010937030049490061,4.633061527057079e-05,0.0
ACTGCGTCATA,0.00010937030049490061,0.0,0.0
AGGGCCCCAGA,0.00010937030049490061,0.0,0.0
AGTGTCTCGCT,0.00010937030049490061,0.0,0.0
AAGGCGACTAG,0.00010937030049490061,0.0,0.0
AAGGATGCAGG,0.00010937030049490061,0.0,0.0
ATCGACACCAT,0.00010937030049490061,0.0,0.0
ACCGAAGCTTA,0.00010937030049490061,0.0,0.0
ACAGACACGCC,0.00010937030049490061,0.0,0.0
ATCGGGGCACT,0.00010937030049490061,0.0,0.0
AGGGCCTCTCT,0.00010937030049490061,0.0,0.0
AGGGCAACCGT,0.00010937030049490061,0.0,0.0
AACGTCGCCCT,0.00010937030049490061,0.0,0.0
ACCGTAACAAA,0.00010937030049490061,0.0,0.0
AATGTGACTAT,0.00010937030049490061,0.0,0.0
ATGGCTACCCA,0.00010937030049490061,0.0,0.0
AGGGCCTCGAA,0.00010937030049490061,9.266123054114158e-05,0.0
AAAGTTTAG__,0.00010937030049490061,0.0,0.0
ATTGTCCCTGT,0.00010937030049490061,0.0,0.0
AAGGACGCAAT,0.00010937030049490061,0.0,0.0
ACAGCCGCCGA,0.00010937030049490061,0.0,0.0
ACCGTAGCCAT,0.00010937030049490061,0.0,0.0
AGAGCGACTGC,0.00010937030049490061,0.0,0.0
ACTGCTCCCTG,0.00010937030049490061,0.0,0.0
ACGGATCCCAC,0.00010937030049490061,0.0,0.0
AGCGCCACAAC,0.00010937030049490061,0.0,0.0
AGGGACGCAAA,0.00010937030049490061,0.0,0.0
ACCGCAACCGA,0.00010937030049490061,0.0,0.0018413784032618704
ATTAAGTG___,0.00010937030049490061,0.00023165307635285396,0.0
AGTGAAACAAG,0.00010937030049490061,0.0,0.0
ACAGTACCCCA,0.00010937030049490061,0.0,0.0
AGAGAGGCTCG,0.00010937030049490061,0.0,0.0
ACTGTAACATA,0.00010937030049490061,0.00013899184581171237,0.0
AATGTAACAAC,0.00010937030049490061,0.0,0.0
ATCGAACCGAA,0.00010937030049490061,0.0,0.0
ACCGGATCAGG,0.00010937030049490061,0.0,0.0018037992521748934
AAGGGGACGAC,0.00010937030049490061,0.0,0.0
ACAGCAGCAGA,0.00010937030049490061,0.0031273165307635284,0.0
AGAGTGACGGA,0.00010937030049490061,0.0,0.0
AGAGCGTCACG,0.00010937030049490061,0.0,0.0
ATAGGTACGAT,0.00010937030049490061,0.0,0.0
AATGCCCCATA,0.00010937030049490061,0.0,0.0
ATAGCTGCAGT,0.00010937030049490061,0.0,0.0
ATAGTACCAAC,0.00010937030049490061,0.03625370644922164,0.00011273745326093084
AAAGCTTCATG,0.00010937030049490061,0.0,0.0
ATAGCGACAGG,0.00010937030049490061,0.0,0.0
ATGGCAACACG,0.00010937030049490061,0.0,0.0
AGTGAGACGTT,0.00010937030049490061,0.0,0.0
AAGGACCCTGT,0.00010937030049490061,0.0,0.0
ACAGGAACGAC,0.00010937030049490061,0.0,0.0019541158565228012
ACTGACACACT,0.00010937030049490061,0.004795218680504077,0.004490708554893745
AACGCGGCACT,0.00010937030049490061,0.0,0.0
AACGACCCATA,0.00010937030049490061,0.0,0.0
ATAGATTCCAA,0.00010937030049490061,0.0,0.0
AAAGATTCAAA,0.00010937030049490061,0.0,0.0
AAAGGCACAGA,0.00010937030049490061,0.0,0.0
ATTGGTGCTAT,0.00010937030049490061,0.0,0.0
AAAGATACCTC,0.00010937030049490061,0.0,0.0
ACTGAAGCACA,0.00010937030049490061,0.0,0.0
AAGGATACCGG,0.00010937030049490061,0.0,0.0
AACGTACCAAT,0.00010937030049490061,0.0,0.0
AACGAGACGAA,0.00010937030049490061,0.0,0.0
AACGAGTCACA,0.00010937030049490061,0.0,0.0
AACGGCACAAT,0.00010937030049490061,0.00011582653817642698,7.51583021739539e-05
AGCGCAGCACC,0.00010937030049490061,0.0,0.0
AACGCGTCGGA,0.00010937030049490061,0.0,0.0
ATTGTCACGCG,0.00010937030049490061,0.0,0.0
ATCGGGTCATA,0.00010937030049490061,0.0,0.0
ACAGATTCTGC,0.00010937030049490061,0.0,0.0
ATTGATACCAG,0.00010937030049490061,0.0,0.0
AATGGCACAAG,0.00010937030049490061,0.00018532246108228317,0.00024426448206535015
AACGAGCCTGC,0.00010937030049490061,0.0,0.0
ATAGCACCCGC,8.202772537117546e-05,0.0,0.0
AAGGTTACTCA,8.202772537117546e-05,2.3165307635285396e-05,1.8789575543488474e-05
AAGGTTGCCAC,8.202772537117546e-05,0.0,0.0
AATGTTACCTA,8.202772537117546e-05,0.0,0.0
ATAGCAGCGAA,8.202772537117546e-05,0.0,0.0
AAAGTGCTGTC,8.202772537117546e-05,0.0,0.0
AAGGACCCGTT,8.202772537117546e-05,0.0,0.0
AATGGCACATT,8.202772537117546e-05,2.3165307635285396e-05,1.8789575543488474e-05
ATAGGCACCAG,8.202772537117546e-05,0.0,0.0
AATGGCGCAAT,8.202772537117546e-05,4.633061527057079e-05,7.51583021739539e-05
AAAGCGACGCC,8.202772537117546e-05,0.0,0.0
AAGGGGCCAAG,5.468515024745031e-05,0.0,0.0
AACGAGGCGCT,5.468515024745031e-05,0.0,0.0
ACATGAGCAGC,5.468515024745031e-05,0.0,0.0
ACCGCTACATG,5.468515024745031e-05,0.0,0.0
AACGTATCTAT,5.468515024745031e-05,0.0,0.0
ACAGTACCCCG,5.468515024745031e-05,0.0,0.0
AACGTATCAAA,5.468515024745031e-05,0.0,0.0
ACGGAATCATC,5.468515024745031e-05,0.0,0.0
AAGGGTTCGCC,5.468515024745031e-05,0.0,0.0
ATTGGAACACC,5.468515024745031e-05,0.0,0.0
ATCGACACTCT,5.468515024745031e-05,0.0,0.0
AGCGTTACATG,5.468515024745031e-05,0.0,0.0
ACAGGCTGCTC,5.468515024745031e-05,0.0,0.0
ATGGTGTCTGC,5.468515024745031e-05,0.0,0.0
ACGGATCCAGA,5.468515024745031e-05,0.0,0.0
AGAGAGACCAA,5.468515024745031e-05,0.0,0.0
ATAGAGTCCCT,5.468515024745031e-05,0.0,0.0
AATGCTCCCCA,5.468515024745031e-05,0.0,0.0
ACGTAATATTC,5.468515024745031e-05,0.0,0.0
ATAGAATCCTA,5.468515024745031e-05,0.0,0.0
AATGGATCGTC,5.468515024745031e-05,0.0,0.0
AAGGCTACCAT,5.468515024745031e-05,0.0,0.0
ACGGCTACTAT,5.468515024745031e-05,0.0,0.0
ACTGGTTCAGC,5.468515024745031e-05,0.0,0.0
AAAGACACACA,5.468515024745031e-05,0.0,0.0
AAAGCTTCCCC,5.468515024745031e-05,0.0,0.0
AATGCGACCAT,5.468515024745031e-05,0.0,0.0
ACAGCCTCCTT,5.468515024745031e-05,0.0,0.0
ATGGTAACGCA,5.468515024745031e-05,0.0,0.0
ACTGTAACTGA,5.468515024745031e-05,0.0,0.0
AGAGAAACCAT,5.468515024745031e-05,0.0,0.0
ATAGTAGCCCC,5.468515024745031e-05,0.0,0.0
ACAGCGACCAT,5.468515024745031e-05,0.0,0.0
AGGGCTCCGTT,5.468515024745031e-05,0.0,0.0
AATGCTGCAG_,5.468515024745031e-05,0.0,0.0
AAC___GCGTT,5.468515024745031e-05,0.0,0.0
ATGGAATCAGT,5.468515024745031e-05,0.0,0.0
ATTGACCCTTG,5.468515024745031e-05,0.0,0.0
ATCGAAGCTAG,5.468515024745031e-05,0.0,0.0
AGCGCAACATA,5.468515024745031e-05,0.0,0.0
ACCGCCACCCT,5.468515024745031e-05,0.0,0.0
AATGCAACTCC,5.468515024745031e-05,0.0,0.0
AGCGAAACTCA,5.468515024745031e-05,0.0,0.0
ACCGGCTCAG_,5.468515024745031e-05,0.0,0.0
AAGGGATCCAA,5.468515024745031e-05,0.0041234247590808005,3.757915108697695e-05
ACCGAGACCAC,5.468515024745031e-05,0.0,0.0
ATAGCCTCAAT,5.468515024745031e-05,0.0,0.0
ATTGGACCACT,5.468515024745031e-05,0.0,0.0
AAAGGAACTTA,5.468515024745031e-05,0.0,0.0
ACTGACTCTCT,5.468515024745031e-05,0.0,0.0
ACAGGTGCGCA,5.468515024745031e-05,0.0,0.0
ACA___GCATG,5.468515024745031e-05,0.0,0.0
ATTGTCACACC,5.468515024745031e-05,0.0,0.0
ATCGAAGCGCT,5.468515024745031e-05,0.0,0.0
ATGGCCACAGC,5.468515024745031e-05,0.0,0.0
ACGGACTCGTC,5.468515024745031e-05,0.0,0.0
AACGTCCCCGT,5.468515024745031e-05,0.0,0.0
AAGGGCCCCTG,5.468515024745031e-05,0.0,0.0
AACGATGCTAG,5.468515024745031e-05,0.0,0.0
AGGGGTGCCGA,5.468515024745031e-05,0.0,0.0
AGGGGCGCTAC,5.468515024745031e-05,0.0,0.0
AAAGGCACCAC,5.468515024745031e-05,0.0,0.0
AAAACTAAGAT,5.468515024745031e-05,0.0,0.0
ACTGTCTCGAT,5.468515024745031e-05,0.0,0.0
AAAGAGTCCAA,5.468515024745031e-05,9.266123054114158e-05,0.0
AGGGGTGAAAG,5.468515024745031e-05,0.0,0.0
ACGGGAAGATC,5.468515024745031e-05,0.0,0.0
AAAGAGACTGA,5.468515024745031e-05,0.0,0.0
AATGGACCCCG,5.468515024745031e-05,0.0,0.0
ACTGCCTCAAG,5.468515024745031e-05,0.0,0.0
AGAGCATCCTA,5.468515024745031e-05,0.0,0.0
AGAGACACACT,5.468515024745031e-05,0.0,0.0
AATGGTACTTA,5.468515024745031e-05,0.0,0.0
ATAGACGCTCA,5.468515024745031e-05,0.0,0.0
ACGGTACCCGC,5.468515024745031e-05,0.0,0.0
AAGGATTCTTT,5.468515024745031e-05,0.0,0.0
ATCGCTTCAAC,5.468515024745031e-05,0.0,0.0
ACTGAACCTCC,5.468515024745031e-05,0.0,0.0
AGAGACACATT,5.468515024745031e-05,0.0034284655300222387,0.0
ATAGCTTCAAT,5.468515024745031e-05,0.0,0.0
ATAGGCTCAAA,5.468515024745031e-05,0.0,0.0
ACAGCCTTTTT,5.468515024745031e-05,0.0,0.0
AATGAACCCTA,5.468515024745031e-05,0.0,0.0
ATGGGTCCGTA,5.468515024745031e-05,0.0,0.0
ATTGATACTTA,5.468515024745031e-05,4.633061527057079e-05,0.0
AGAGTATCACA,5.468515024745031e-05,0.0,0.0
AACGCATCGAT,5.468515024745031e-05,0.0,0.0
AGAGATACGGA,5.468515024745031e-05,0.0,0.0
ATAGTTTCTTT,5.468515024745031e-05,0.0,0.0
ATGGTAGCGAT,5.468515024745031e-05,0.0,0.0
AAAGTCACACC,5.468515024745031e-05,0.0,0.0
AAGGCGCCGAA,5.468515024745031e-05,0.0,0.0
AATGCGACGGT,5.468515024745031e-05,0.0,0.0
AGTGGGTCAGC,5.468515024745031e-05,0.0,0.0
ACCGTAACTCG,5.468515024745031e-05,0.0,0.004828920914676537
ACTGCCCCACT,5.468515024745031e-05,0.0,0.0
AAAGAAGCACG,5.468515024745031e-05,0.0,0.0
ACGGTCACATG,5.468515024745031e-05,0.0,0.0
ACAGGCTCAAA,5.468515024745031e-05,0.0,0.0
AAGGAAAGCAT,5.468515024745031e-05,0.0,0.0
ATTGATGCAGG,5.468515024745031e-05,0.0,0.0
AGTGTCTCTAT,5.468515024745031e-05,0.0,0.0
ATGGCCGCTTT,5.468515024745031e-05,0.0,0.0
ATAGATCCTAA,5.468515024745031e-05,0.0,0.0
AAAGAGCCCTG,5.468515024745031e-05,0.0,0.0
AAGGTAGCATA,5.468515024745031e-05,0.0,0.0
ATGGACCCCTG,5.468515024745031e-05,0.0,0.0
AACGCCCCACT,5.468515024745031e-05,0.0,0.0
ATAGAATCCAA,5.468515024745031e-05,0.0,0.0
ACTGAGACAAC,5.468515024745031e-05,0.0,0.0
AACGAGTCAAG,5.468515024745031e-05,0.0,0.0
ATGGGATCAAA,5.468515024745031e-05,0.0,0.0
ATAGTTACGAA,5.468515024745031e-05,4.633061527057079e-05,0.002499013547283967
ATCGAAACGGA,5.468515024745031e-05,0.0,0.0027996467559797825
AACGACACCGT,5.468515024745031e-05,0.0,0.0
ATAGGAGCAAC,5.468515024745031e-05,0.0,0.0
ATTGAACCATA,5.468515024745031e-05,0.0,0.0
ACAGTTTCTAG,5.468515024745031e-05,0.0,0.0
ATCGCATCACG,5.468515024745031e-05,0.0,0.0
ATGGTAACCGG,5.468515024745031e-05,0.0,0.0
ATTGTTTAG__,5.468515024745031e-05,0.0,0.0
AACGAAACAAG,5.468515024745031e-05,0.0,0.0
AACGTAACGGG,5.468515024745031e-05,0.0,0.0
AGGGGTGCATA,5.468515024745031e-05,0.0,0.0
AGAGCACCCGG,5.468515024745031e-05,0.0,0.0
AAAGACACTCA,5.468515024745031e-05,0.0,0.0
ACAGCTCCGAA,5.468515024745031e-05,0.0,0.0
ACGGCCTCAAG,5.468515024745031e-05,0.0,0.0
AAAGGTTCACT,5.468515024745031e-05,0.0,0.0
AGCGGATCAGA,5.468515024745031e-05,0.0,0.0
ACTGCAACAGT,5.468515024745031e-05,0.0,0.0
ACTGAATCAAT,5.468515024745031e-05,0.0,0.0
ACAGAGGCACC,5.468515024745031e-05,0.0,0.0
AACGATGCTTT,5.468515024745031e-05,0.0,0.0
AAAGATACAAA,5.468515024745031e-05,0.0,0.0
AACGGACCGTG,5.468515024745031e-05,0.0,0.0
AAAGCTACTTC,5.468515024745031e-05,0.0022007042253521128,0.0
ACAGGTTCTGG,5.468515024745031e-05,0.0,0.0
ACCGTTACGTG,5.468515024745031e-05,0.0,0.0
ACAGATACCAA,5.468515024745031e-05,0.0,0.0
ATAGCGGCATT,5.468515024745031e-05,0.0,0.0
ATTGGGGCATT,5.468515024745031e-05,0.0,0.0
ACAGCGTCCTT,5.468515024745031e-05,0.0,0.0
AATGATTCCAC,5.468515024745031e-05,0.0,0.0
ACAGCTCGAGG,5.468515024745031e-05,0.0,0.0
AAAGATACGGA,5.468515024745031e-05,0.0,0.0
ACCGAACCATG,5.468515024745031e-05,0.0,0.0
ACCGTATCAGG,5.468515024745031e-05,0.0,0.0
ATTGCTTCTAA,5.468515024745031e-05,0.0,0.0
AAAGCAACAGC,5.468515024745031e-05,0.0,0.0
ACCGCCTCTGA,5.468515024745031e-05,0.0,0.0019353262809793128
AGAGTGTCAAT,5.468515024745031e-05,0.0,0.0019541158565228012
ATCGTAGCACT,5.468515024745031e-05,0.0,0.0
AAGGACCCGGG,5.468515024745031e-05,0.0,0.0
AATGGTACCCT,5.468515024745031e-05,0.0,0.0
GCTGCCCCCAA,5.468515024745031e-05,0.0,0.0
AGCGACATTTG,5.468515024745031e-05,0.0,0.0
ATTGGGCCTTA,5.468515024745031e-05,0.0,0.0
AAAGATACAAT,5.468515024745031e-05,0.0,0.0
ATTGCGGCGGT,5.468515024745031e-05,0.0,0.0
ACTGTGGCTAT,5.468515024745031e-05,0.0,0.0
ACGGACCCTAG,5.468515024745031e-05,0.0,0.0
AAAGTTGCATC,5.468515024745031e-05,4.633061527057079e-05,0.0
AGGGGCCCGGA,5.468515024745031e-05,0.0,0.0
AGAGGATCCAG,5.468515024745031e-05,0.0,0.0
AACGAAACCGG,5.468515024745031e-05,0.0,0.0
ACAGGAACAAA,5.468515024745031e-05,0.0,0.0
AAGGACACTAA,5.468515024745031e-05,0.0,0.0
AATGGCACAAC,5.468515024745031e-05,6.949592290585619e-05,0.0
ACAGGTTCAAT,5.468515024745031e-05,0.0,0.0
AAAGTCTCGAA,5.468515024745031e-05,0.0,0.0
AAAGAAGCGTC,5.468515024745031e-05,0.0,0.0
ACGGACTCTGA,5.468515024745031e-05,0.0,0.0
ACGGAATCTGT,5.468515024745031e-05,0.0,0.0
ACAGGCCCATG,5.468515024745031e-05,0.0,0.0
__GCTCATCTT,5.468515024745031e-05,0.0,0.0
ACAGGTCCATG,5.468515024745031e-05,0.0,0.0
ACCGAGACATT,5.468515024745031e-05,0.0,0.0
AAGGTGACCGA,5.468515024745031e-05,0.0,0.0
AGGGGGGCGCC,5.468515024745031e-05,0.0,0.0
AAGGCGTCGCG,5.468515024745031e-05,0.0,0.0
AAAGTAACGTG,5.468515024745031e-05,0.0,0.0
AAAGGGTCAAC,5.468515024745031e-05,0.0,0.0
AAAGAATCAAC,5.468515024745031e-05,0.0,0.0
ATTGCAACAGT,5.468515024745031e-05,0.0,0.0
ACCGTATCGAG,5.468515024745031e-05,0.0,0.0
AAAGGGCCCCT,5.468515024745031e-05,0.0,0.0
AGGGTTCCATA,5.468515024745031e-05,0.0,0.0
AAGGCGGCGTC,5.468515024745031e-05,0.0,0.0
AACGACTCAAT,5.468515024745031e-05,0.0,0.0
AACGCTGCAAA,5.468515024745031e-05,0.0,0.0
AAAGTTCCACA,5.468515024745031e-05,0.0,0.0
AACGCTGCAAC,5.468515024745031e-05,0.0,0.0
AGCGGGTCGAG,5.468515024745031e-05,0.0,0.0
ATCGGCACACC,5.468515024745031e-05,0.0,0.0
ATAGCAACCAA,5.468515024745031e-05,0.0,0.0
AAAGTAGCCGT,5.468515024745031e-05,0.0,0.0
ATTGAAACAAT,5.468515024745031e-05,0.0,0.0
AACGAAGCACA,5.468515024745031e-05,0.0,0.0
AGTGTCACGGG,5.468515024745031e-05,0.0,0.0
ATAGCCACGCG,5.468515024745031e-05,0.0,0.0
ACAGTAACTGT,5.468515024745031e-05,0.0,0.0
AGCGACACCTT,5.468515024745031e-05,0.0,0.0
ATCGCAGCTTC,5.468515024745031e-05,0.0,0.0
ATTGTTTCCTA,5.468515024745031e-05,0.0,0.0
AACGCAGCATC,5.468515024745031e-05,0.0,0.0
AGAGATACGCA,5.468515024745031e-05,0.0,0.0
AAAGCGCCGAG,5.468515024745031e-05,4.633061527057079e-05,1.8789575543488474e-05
ATAGGG_CAGT,5.468515024745031e-05,0.0,0.0
AACGGTGCTAG,5.468515024745031e-05,0.0,0.0
AAGGGCACGGG,5.468515024745031e-05,0.0,0.0
ACCGCTTCGCC,5.468515024745031e-05,0.0,0.0
AGCGGCTCATG,5.468515024745031e-05,0.0,0.0
AGGGCGGCCCA,5.468515024745031e-05,0.0,0.0
ACTGTATCACA,5.468515024745031e-05,0.0,0.0
ACAGCCTCTTT,5.468515024745031e-05,0.0,0.0
ACCGGAGCACT,5.468515024745031e-05,0.0,0.0
AGTGGCCCCTA,5.468515024745031e-05,0.0,0.0
AACGGCCCAAC,5.468515024745031e-05,0.0,0.0
ACTGTACCCAG,5.468515024745031e-05,0.0,0.0
AGAGTCCCACT,5.468515024745031e-05,0.0,0.0
AGAGCCGCTCG,5.468515024745031e-05,0.0,0.0
ATCGAGACGTA,5.468515024745031e-05,0.0,0.0
AATGTGGTCAG,5.468515024745031e-05,0.0,0.0
AATGACCCCGA,5.468515024745031e-05,0.0,0.0
ATCGGTTCTCC,5.468515024745031e-05,0.0,0.0
ACCGAGTCGGG,5.468515024745031e-05,0.0,0.0
AAAGTTACAAC,5.468515024745031e-05,0.0,0.0
ATCGTGGCCAT,5.468515024745031e-05,0.0,0.0
AGTGTTACCTA,5.468515024745031e-05,0.0,0.0
AACGACCCACA,5.468515024745031e-05,0.0,0.0
AAAGGAACGTC,5.468515024745031e-05,0.0,0.0
ACCGGCCCCAA,5.468515024745031e-05,0.0,0.0
ACCGCATA___,5.468515024745031e-05,0.0,0.0
AAAGGCGCAGG,5.468515024745031e-05,0.0,0.0
ACAGTGGCACG,5.468515024745031e-05,0.0,0.0
ATCGCTGCCAC,5.468515024745031e-05,0.0,0.0
ACGGCTACTCA,5.468515024745031e-05,0.0,0.0
AACGTCCCCTC,5.468515024745031e-05,0.0,0.0
AAGGAAATGTT,5.468515024745031e-05,0.0,0.0
AGAGAATCAGC,5.468515024745031e-05,0.0,0.0
AATGACACGCT,5.468515024745031e-05,0.0,0.0
CGATGATCAGA,5.468515024745031e-05,0.0,0.0
AAAGGGTCGTG,5.468515024745031e-05,0.0,0.0
ATTGAA_TGTT,5.468515024745031e-05,0.0,0.0
AGAGAATCCAA,5.468515024745031e-05,0.0,0.0
ATAGTACCCGG,5.468515024745031e-05,0.0,0.0
AAAGAATCGTC,5.468515024745031e-05,0.0,0.0
ATCGAAACCTG,5.468515024745031e-05,0.0,0.0
ATGGGAACTTA,5.468515024745031e-05,0.0,0.0
AACGGTCCACA,5.468515024745031e-05,0.0,0.0
ACAGGGCCTAA,5.468515024745031e-05,0.0,0.0
ATTGCTGCTTA,5.468515024745031e-05,0.0,0.0
AGAGAAACCTA,5.468515024745031e-05,0.0,0.0
ATAGAGACAGC,5.468515024745031e-05,0.0,0.0
AATGCCTCTCC,5.468515024745031e-05,0.0,0.0
AGAGTAACGTG,5.468515024745031e-05,0.0,0.0
AATGGTACTGC,5.468515024745031e-05,0.0,0.0
AAGGAAGCCTT,5.468515024745031e-05,0.0,0.0
AGCGCACCCAA,5.468515024745031e-05,0.0,0.0
AAAGGTCCAAG,5.468515024745031e-05,0.0,0.0
AATGGAACAAG,5.468515024745031e-05,0.0,0.0
AGTGCAACA__,5.468515024745031e-05,0.0,0.0
ATAGCCTCAAA,5.468515024745031e-05,0.0,0.0
AAGGAAACTTG,5.468515024745031e-05,0.0,0.0
ATCGAGACTGC,5.468515024745031e-05,0.0,0.0
ATAGTAACCAT,5.468515024745031e-05,0.0,0.0016910617989139625
ATGGATACGGT,5.468515024745031e-05,0.0,0.0
AGCGGCACTGC,5.468515024745031e-05,0.0,0.0
AAAGCTACTAA,5.468515024745031e-05,0.0,0.0
AGCGGACCAAC,5.468515024745031e-05,0.0,0.0
ATCGAAACACT,5.468515024745031e-05,0.0,0.0
ACGGAAACATT,5.468515024745031e-05,0.0,0.0
AACGCATCCTG,5.468515024745031e-05,0.0,0.0
AAAGAAGCTAC,5.468515024745031e-05,0.0,0.0
ATGGCTCCCGA,5.468515024745031e-05,0.0,0.0
AAAGGCGCCAT,5.468515024745031e-05,0.0,0.0
AATGGATTCAA,5.468515024745031e-05,0.0,0.0
ACCGTTTCGTG,5.468515024745031e-05,0.0,0.0
ACCGACACGAA,5.468515024745031e-05,0.0,0.0
AATGTTACACA,5.468515024745031e-05,0.0,0.0
AACGCGACTGT,5.468515024745031e-05,0.0,0.0
ATGGCGACTAT,5.468515024745031e-05,0.0,0.0
ACTGCATCAAG,5.468515024745031e-05,0.0,0.0
ACCGCGCCAAC,5.468515024745031e-05,0.0,0.0
ACAGTAACCCC,5.468515024745031e-05,0.0,0.0
ATCGGCGCGCG,5.468515024745031e-05,0.0,0.0
ACTGTATCAAA,5.468515024745031e-05,0.0,0.0
ATAGGCTCCAG,5.468515024745031e-05,0.0,0.0
AAAGCTACCAG,5.468515024745031e-05,0.0,0.0
AAAGCCACCTT,5.468515024745031e-05,0.0,0.0
AACGCTGCTGT,5.468515024745031e-05,0.0,0.0
AGTGAACCAAG,5.468515024745031e-05,0.0,0.0
AAAGAAGCGCA,5.468515024745031e-05,0.0018995552260934025,0.0
AGCGAATCAGA,5.468515024745031e-05,0.0,0.0
AACGCCCCTTA,5.468515024745031e-05,0.0,0.0
ACGGATTCCGA,5.468515024745031e-05,0.0,0.0
ATGGCTGCTAG,5.468515024745031e-05,0.0,0.0
AAGGGTCTCTT,5.468515024745031e-05,0.0,0.0
AAAGAGCCGCC,5.468515024745031e-05,0.0,0.0
AGCGCCTCAAC,5.468515024745031e-05,0.0,0.0
AACGTATCATC,5.468515024745031e-05,0.0,0.0
ACCGAACCACT,5.468515024745031e-05,0.0,0.0
ACCGATCCATG,5.468515024745031e-05,0.0,0.0
AACGCTTCGCA,5.468515024745031e-05,0.0,0.0
AATGGCACTAT,5.468515024745031e-05,0.0,1.8789575543488474e-05
AGAGCCCCCCA,5.468515024745031e-05,0.0,0.0
ACGGTGACATT,5.468515024745031e-05,0.0,0.0
ACTGGCACCGA,5.468515024745031e-05,0.0,0.0
AATGTAGCATT,5.468515024745031e-05,0.0,0.0
ATAGATTCATG,5.468515024745031e-05,0.0,0.0
AAAGAATCTCT,5.468515024745031e-05,0.0,0.0
AGCGTGTCACA,5.468515024745031e-05,0.0,0.0
ACAGACTCCCT,5.468515024745031e-05,0.0,0.0
ATAGACTCCGA,5.468515024745031e-05,0.009590437361008154,0.0
ACGGTGTCAGA,5.468515024745031e-05,0.0,0.0
AGTGTATCCAT,5.468515024745031e-05,0.0,0.0
ACTGTAGCCTT,5.468515024745031e-05,0.0,0.0
AACGATCCTGT,5.468515024745031e-05,0.0,0.0
AAAGAGACGGT,5.468515024745031e-05,0.0,0.0
ACCGCTCAG__,5.468515024745031e-05,0.0,0.0
AAAGAAC_CTA,5.468515024745031e-05,0.0,0.0
ATCGTCGCGTG,5.468515024745031e-05,0.0,0.0
AATGGGTCCCT,5.468515024745031e-05,0.0023165307635285397,0.0
ACCGTTGCAAA,5.468515024745031e-05,0.0,0.0
AGCGAAACAAT,5.468515024745031e-05,0.0,0.0
ATTGTCGTGAT,5.468515024745031e-05,0.0,0.0
AGTGCCTCCAT,5.468515024745031e-05,0.0,0.0
AAAGCAGCACC,5.468515024745031e-05,0.0,0.0
GATGTCACCAA,5.468515024745031e-05,0.0,0.0
AACGCTACGGG,5.468515024745031e-05,0.0,0.0
AAAGTCTCTTC,5.468515024745031e-05,0.0,0.0
ATAGCTGCTAA,5.468515024745031e-05,0.0018995552260934025,0.0
ATAGCCGCTCA,5.468515024745031e-05,0.0,0.0
ACGGTATA___,5.468515024745031e-05,0.0,0.0
AATGGGACGAC,5.468515024745031e-05,0.0,0.0
AACGAATCCAA,5.468515024745031e-05,0.0,0.0
ATTGCGCCTCG,5.468515024745031e-05,0.0,0.0
AAGGCTACG__,5.468515024745031e-05,0.0,0.0
AACGCACCGGG,5.468515024745031e-05,0.0,0.0
AATAATTTAGC,5.468515024745031e-05,0.0,0.0
AAAGTGTCATC,5.468515024745031e-05,0.0,0.0
AACGACCCCAG,5.468515024745031e-05,0.0,0.0
ATAGAGGCATA,5.468515024745031e-05,0.0,0.0
AAAGAATCGGA,5.468515024745031e-05,0.0,0.0
AGCGCTACATA,5.468515024745031e-05,0.0,0.0
AATGATTCAGT,5.468515024745031e-05,0.0,0.0
AAAGGTACGGA,5.468515024745031e-05,0.0,0.0
ATCGTATCAAG,5.468515024745031e-05,0.0017605633802816902,0.0
AAGGTCACGGA,5.468515024745031e-05,0.0,0.0
AAGGGACCCCC,5.468515024745031e-05,0.0,0.0
ACAGCACCTTG,5.468515024745031e-05,0.0,0.0
ACCGCTTCGGT,5.468515024745031e-05,0.0,0.0
ACGGACCCCAC,5.468515024745031e-05,0.0,0.0
AGGGAATCGAC,5.468515024745031e-05,0.0,0.0
ACTGCGGCAGT,5.468515024745031e-05,0.0,0.0
ACTGACCCTAG,5.468515024745031e-05,0.0,0.0
AAGGTGGCCAG,5.468515024745031e-05,0.0,0.0
ACTGATACAGT,5.468515024745031e-05,0.0,0.0
AACGATCCCAT,5.468515024745031e-05,0.0,0.0
AACGCAGCGCT,5.468515024745031e-05,0.0,0.0
AGTGATCCGCT,5.468515024745031e-05,0.0,0.0
AAAGCCACACT,5.468515024745031e-05,0.0,0.0
AGAGGGAATCA,5.468515024745031e-05,0.0,0.0
ACGGAAACACT,5.468515024745031e-05,0.0,0.0
AATGTCTGGTC,5.468515024745031e-05,0.0,0.0
ACAGAGACTTT,5.468515024745031e-05,0.0,0.0
AGCGAGTCTCA,5.468515024745031e-05,0.0,0.0
ACAGAGTCTAG,5.468515024745031e-05,0.0,0.0
AAGGTCTCGAT,5.468515024745031e-05,0.0,0.0
AAGGAAACCCC,5.468515024745031e-05,0.0,0.0
AATGGCTCAGA,5.468515024745031e-05,0.0,0.0
AACGGAGCCTG,5.468515024745031e-05,0.0,0.0
AAGGATCCACC,5.468515024745031e-05,0.0,0.0
ATGGCCCCATT,5.468515024745031e-05,0.0,0.0
ACGGGGACATT,5.468515024745031e-05,0.0,0.0
ATTGAGACTAT,5.468515024745031e-05,0.0,0.0
AATGGAACTAT,5.468515024745031e-05,0.0,0.0
AACGGCCCATT,5.468515024745031e-05,0.0,0.0
AACGTTCCATT,5.468515024745031e-05,0.0,0.0
ACAGGCCCGAA,5.468515024745031e-05,0.0,0.0
ATCGCTTCGAA,5.468515024745031e-05,0.0,0.0
AAGGAAACCCG,5.468515024745031e-05,0.0,0.0
ACTGGTACGAA,5.468515024745031e-05,0.0,0.0
AAAGTACCTCA,5.468515024745031e-05,0.0,0.0
AAAGCACCATC,5.468515024745031e-05,0.0,0.0
ACTGATACAAT,5.468515024745031e-05,0.0,0.0
AAGGAACCGAT,5.468515024745031e-05,0.0,0.0
AGGGCCCCCTG,5.468515024745031e-05,0.0,0.0
AGTGACACAGA,5.468515024745031e-05,0.0,0.002348696942936059
AAGGACACGAG,5.468515024745031e-05,0.0,0.0
ATAGTAACTGA,5.468515024745031e-05,0.0,0.0
ATTGCCTCCTC,5.468515024745031e-05,0.0,0.0
AGTGTTGCAGC,5.468515024745031e-05,0.0,0.0
AAAGGGTCTGG,5.468515024745031e-05,0.0,0.0
AATGACTCAAC,5.468515024745031e-05,0.0,0.0
AATGTCCCAAA,5.468515024745031e-05,0.0,0.0
AGAGCATTGAT,5.468515024745031e-05,0.0,0.0
AGTGGCCCATC,5.468515024745031e-05,0.0,0.0
AGAGAGGCATT,5.468515024745031e-05,0.0,0.0
ATAGTCACAAA,5.468515024745031e-05,0.0,0.0
ATCGCTGCCTG,5.468515024745031e-05,0.0,0.0
ACGGGACCTAT,5.468515024745031e-05,0.0,0.005317449878807238
ACTGAACCTGT,5.468515024745031e-05,0.0,0.0
ACTGTTACAAT,5.468515024745031e-05,0.0,0.0
ATAGAACCACA,5.468515024745031e-05,0.0,0.0
ATAGATACAGA,5.468515024745031e-05,0.0,0.0
ACCGTAGCGCC,5.468515024745031e-05,0.0,0.0
ACGGTCGCGAT,5.468515024745031e-05,0.0,0.0
ACAGTGTCTAG,5.468515024745031e-05,0.0,0.0
AGCGGAACGAG,5.468515024745031e-05,0.0,0.0
AAGGAGTCGAC,5.468515024745031e-05,4.633061527057079e-05,0.0
ACGGCCACTAA,5.468515024745031e-05,0.0,0.0
AGCGGCTCTAT,5.468515024745031e-05,0.0,0.0
ATAGGGTCATG,5.468515024745031e-05,0.0,0.0
ATGGTTGCCTT,5.468515024745031e-05,0.0,0.0
ACCGTAACAGT,5.468515024745031e-05,0.0,0.0
AACGTTGCTCA,5.468515024745031e-05,0.0,0.0
AAAGAAACAAG,5.468515024745031e-05,0.0,0.0
ATAGATTCCAT,5.468515024745031e-05,0.0,0.0
ACAATAACTAA,5.468515024745031e-05,0.0,0.0
AAAGACACCCT,5.468515024745031e-05,0.0,0.0
ACCGTACCGCG,5.468515024745031e-05,0.0,0.0
ACTGAGCCTCC,5.468515024745031e-05,0.0,0.0
ATGGCATCAGA,5.468515024745031e-05,0.0,0.0011649536836962854
AGCGTCTCTAA,5.468515024745031e-05,0.0,0.0
ACTGGTCCGTA,5.468515024745031e-05,0.0,0.0
AATGGAGCCGT,5.468515024745031e-05,0.0,0.0
AATGCTGCGGC,5.468515024745031e-05,0.0,0.0
ATAGGGACCGA,5.468515024745031e-05,0.0,0.0
ATGGCCTCTAA,5.468515024745031e-05,0.0,0.0
AAAGTAGCAAG,5.468515024745031e-05,0.0,0.0
AAAGGATCTAA,5.468515024745031e-05,0.0,0.0
AGTGTACCGAT,5.468515024745031e-05,0.0,0.0
AACGGCACACC,5.468515024745031e-05,0.0,0.0
ACCGCAC_CCG,5.468515024745031e-05,0.0,0.0
AGAGCATCGTC,5.468515024745031e-05,0.0,0.0
AATGGTCCTAT,5.468515024745031e-05,0.0,0.0
AAAGAGACAAA,5.468515024745031e-05,0.0,0.0
ACAGGGGCATG,5.468515024745031e-05,0.0,0.0
ATGGTAGCTAG,5.468515024745031e-05,0.0,0.0
ATAGGTTCCGA,5.468515024745031e-05,0.0,0.0
AGAGATCCCTG,5.468515024745031e-05,0.0,0.0
AACGACACACA,5.468515024745031e-05,0.0,0.0
ATTGCACCATG,5.468515024745031e-05,0.0,0.0
ATCGCATCCTT,5.468515024745031e-05,0.0,0.0
_ATTCTCCGCT,5.468515024745031e-05,0.0,0.0
ACTGACTCAAG,5.468515024745031e-05,0.0,0.0
ACAGGATCA__,5.468515024745031e-05,0.0,0.0
AATGAATCGAC,5.468515024745031e-05,0.0,0.0
ACGGATCCATT,5.468515024745031e-05,0.0,0.0
AGAGATTCCCT,5.468515024745031e-05,0.0,0.0
AAAGCCCCTGG,5.468515024745031e-05,0.0,0.0
AGAGTTTCGGA,5.468515024745031e-05,0.0,0.0
ACCGTCGCTTG,5.468515024745031e-05,0.0,0.0
ACTCGACCAGC,5.468515024745031e-05,0.0,0.0
ATCGTCACTGA,5.468515024745031e-05,0.0,0.0
AAGGCAACACA,5.468515024745031e-05,0.0,0.0
AAGGAGGCCCA,5.468515024745031e-05,0.0,0.0
AAAGTTCCTTG,5.468515024745031e-05,0.0,0.0
AAGGATGCCGA,5.468515024745031e-05,0.0,0.0
ACCGCCACATG,5.468515024745031e-05,0.0,0.0
AAAGAAACTTT,5.468515024745031e-05,0.0,0.0
ATGGGGCCATT,5.468515024745031e-05,0.0,0.001991695007609778
AAGGACCCAAC,5.468515024745031e-05,0.0,0.0
ACCGTTGCGGA,5.468515024745031e-05,0.0,0.0
ATTGTATCTAA,5.468515024745031e-05,0.0,0.0
AACGTCCCGAT,5.468515024745031e-05,0.0,0.0
AATGTCGCATC,5.468515024745031e-05,0.0,0.0
AAAGATCCTTA,5.468515024745031e-05,0.0,0.0
AACGGATCGGA,5.468515024745031e-05,0.0,0.0
ACGGACACAAT,5.468515024745031e-05,0.0030578206078576723,0.0
ACGGTAGCCAC,5.468515024745031e-05,0.0,0.0
ACTGCACTGGA,5.468515024745031e-05,0.0,0.0
ACGGAGTCTTC,5.468515024745031e-05,0.0,0.0
AAGGAATCTCG,5.468515024745031e-05,0.0,0.0
AACGCACCCTT,5.468515024745031e-05,0.0,0.0
AAAGCCTCAAG,5.468515024745031e-05,0.0,0.0
AGGGATTCAAT,5.468515024745031e-05,0.0,0.0
ACGGATTCCTA,5.468515024745031e-05,0.0,0.0
ACAGAACCTCA,5.468515024745031e-05,0.0,0.0
ACAGTAACGTA,5.468515024745031e-05,0.0,0.0
AGTGAGCCGAC,5.468515024745031e-05,0.0,0.0
AGAGGTTCCCT,5.468515024745031e-05,0.0,0.0
_AAGCGGATCA,5.468515024745031e-05,0.0,0.0
ACCGTCTCACA,5.468515024745031e-05,0.0,0.0
AATGAAACAGC,5.468515024745031e-05,0.0,0.0
AATGCACCAAA,5.468515024745031e-05,0.0,0.0
AGTGAGATAAT,5.468515024745031e-05,4.633061527057079e-05,0.0
AAGGCCGCAAT,5.468515024745031e-05,0.0,0.0
ACCGATACAAC,5.468515024745031e-05,0.0,0.0
ATTGAACCCCT,5.468515024745031e-05,0.0,0.0
ACAGCCTCGAG,5.468515024745031e-05,0.0,0.0
AGAGCCTCATA,5.468515024745031e-05,0.0,0.0
AACGGAACTTG,5.468515024745031e-05,0.0,0.0
ACTGCCACAAC,5.468515024745031e-05,0.0,0.0
ACCGCCCCATC,5.468515024745031e-05,0.0,0.0
ATAGGATCGAA,5.468515024745031e-05,0.002223869532987398,0.0
AAAGTTAAG__,5.468515024745031e-05,0.0,0.0
AAGGCAACCAA,5.468515024745031e-05,0.0,0.0
AGTGCATCTAT,5.468515024745031e-05,0.0,0.0
ATAGAAG_CTG,5.468515024745031e-05,0.0,0.0018225888277183819
AAGGAGCCGAA,5.468515024745031e-05,0.0,0.0
AAAGGAACTTC,5.468515024745031e-05,0.0,1.8789575543488474e-05
AGTGTAACCAG,5.468515024745031e-05,0.0,0.0
ACAGGAGCGTA,5.468515024745031e-05,0.0,0.0
AACGAGACCAT,5.468515024745031e-05,0.0,0.0
AG_GTAGAG__,5.468515024745031e-05,0.0,0.0
AAAGTGTCCCA,5.468515024745031e-05,0.0,0.0
ACCGTGCCCAC,5.468515024745031e-05,0.0,0.0
ATAGTATCAGT,5.468515024745031e-05,0.0,0.0
ATTGAACCAAC,5.468515024745031e-05,0.0,0.0
AAAGAGGCGGT,5.468515024745031e-05,0.0,0.0
ACAGAGCCGAT,5.468515024745031e-05,0.0,0.0
ACGGAAGCAGA,5.468515024745031e-05,0.0,0.0
AAAGGCACATC,5.468515024745031e-05,0.0,3.757915108697695e-05
ATTGCCACTAC,5.468515024745031e-05,0.0,0.0
AAAGTCTCCAG,5.468515024745031e-05,0.0,0.0
ACAGCTACTAG,5.468515024745031e-05,0.0011814306893995553,0.0
ATAGATGCTTT,5.468515024745031e-05,0.0,0.0
ATCGTCGCCTT,5.468515024745031e-05,0.0,0.0
ATTGGATCCAA,5.468515024745031e-05,0.0,0.0
ACAGCACCACG,5.468515024745031e-05,0.0,0.0
ATAGTGTCTAA,5.468515024745031e-05,0.0,0.0
ACAGATACTCT,5.468515024745031e-05,0.0,0.0
AAAGTCTCTTA,5.468515024745031e-05,0.0,0.0
AAAGATGCAGT,5.468515024745031e-05,0.0,0.0
AAAGTTATCAT,5.468515024745031e-05,0.0,0.0
AGAGGGTCGAT,5.468515024745031e-05,0.0,0.0
AACGTCGCTCA,5.468515024745031e-05,0.0,0.0
AGGGATACCTT,5.468515024745031e-05,0.0,0.0
AGTGTATCACG,5.468515024745031e-05,0.0,0.0
AGAGGGTCATA,5.468515024745031e-05,0.0,0.0
AAAGACGCTAT,5.468515024745031e-05,0.0,0.0
ATAGTACCGGC,5.468515024745031e-05,0.0,0.0
ACCGTACCCGC,5.468515024745031e-05,0.0,0.0
AACGCTACCTG,5.468515024745031e-05,0.0,0.0
ATTGTTTCAAT,5.468515024745031e-05,0.0,0.0
AAAGCGCGGGG,5.468515024745031e-05,0.0,0.0
AAAGACACCGT,2.7342575123725154e-05,0.0,0.0
ACCGACACTAG,2.7342575123725154e-05,0.0,0.0
AAGGTGACTTA,2.7342575123725154e-05,0.0,0.0
ATAGTGACAAA,2.7342575123725154e-05,0.0,0.0
ACTGAAACGGT,2.7342575123725154e-05,0.0,0.0
AATGTCTG___,2.7342575123725154e-05,0.0,0.0
GAAGAAACGGT,2.7342575123725154e-05,0.0,0.0
ACGGATGCGAG,2.7342575123725154e-05,0.0,0.0
AACGTTACGAC,2.7342575123725154e-05,0.0,0.0
ATAGTACCTAA,2.7342575123725154e-05,0.0,0.0
ACGGATTCTAG,2.7342575123725154e-05,0.0,0.0
GAAGAATC___,2.7342575123725154e-05,0.0,0.0
AATGCTACGTG,2.7342575123725154e-05,0.0,0.0
ACTGGCACACT,2.7342575123725154e-05,0.0,0.0
AGGGGTGCAG_,2.7342575123725154e-05,0.0,0.0
AGGGACACAAG,2.7342575123725154e-05,0.0,0.0
AAGGCCACCTT,2.7342575123725154e-05,0.0,0.0
ACTGGGACAAA,2.7342575123725154e-05,0.0,0.0
AAGGACTCTGT,2.7342575123725154e-05,0.0,0.0
AATGCTACTTA,2.7342575123725154e-05,0.0,0.0
AATGTCGCACC,2.7342575123725154e-05,0.0,0.0
ACTGAGGCACC,2.7342575123725154e-05,0.0,0.0
ACCGAACCCTT,2.7342575123725154e-05,0.0,0.0
ATCGCTCCCAT,2.7342575123725154e-05,0.0,0.0
AAAGCCGCCAT,2.7342575123725154e-05,0.0,0.0
ATTGCCACGCT,2.7342575123725154e-05,0.0,0.0
ACTGGCCCAAT,2.7342575123725154e-05,0.0,0.0
AGGGCCCCCTT,2.7342575123725154e-05,0.0,0.0
AAGGCTACTTA,2.7342575123725154e-05,0.0,0.0
ATTTCGTCCAC,2.7342575123725154e-05,0.0,0.0
AAGGATACTTA,2.7342575123725154e-05,0.0,0.0
AAAGTTACTTA,2.7342575123725154e-05,0.0,1.8789575543488474e-05
ATCACAACAAA,2.7342575123725154e-05,0.0,0.0
ACAGCCACGTG,2.7342575123725154e-05,0.0,0.0
CCTAATTCAAG,2.7342575123725154e-05,0.0,0.0
ACCGCAACGCT,2.7342575123725154e-05,0.0,0.0
AAAGCCACGGC,2.7342575123725154e-05,0.0,0.0
AACGACTCTGC,2.7342575123725154e-05,0.0,0.0
AGCTACCCACC,2.7342575123725154e-05,0.0,0.0
AAAGTAACTAA,2.7342575123725154e-05,0.0,1.8789575543488474e-05
AATGCCGGGAG,2.7342575123725154e-05,0.0,0.0
ACTGACTCCAA,2.7342575123725154e-05,0.0,0.0
ATTGGCACAAT,2.7342575123725154e-05,0.0,0.0
AGGGAGGCGAT,2.7342575123725154e-05,0.0,0.0
AGTGAATCTAA,2.7342575123725154e-05,0.0,0.0
ATAGGGACCAA,2.7342575123725154e-05,0.0,0.0
ATTGCATCGCC,2.7342575123725154e-05,0.0,0.0
ACTGGCACAAT,2.7342575123725154e-05,0.00011582653817642698,7.51583021739539e-05
AACAGCTCAGT,2.7342575123725154e-05,0.0,0.0
ACAGAACCGAA,2.7342575123725154e-05,0.00261767976278725,0.0
AACGCTTCTCA,2.7342575123725154e-05,0.0,0.0
AGGGCCTCGAT,2.7342575123725154e-05,0.0,0.0
ACAGCTTCCAT,2.7342575123725154e-05,0.0,0.0
ACCGTCACAAT,2.7342575123725154e-05,0.0,0.0
TATGCCTTGCA,2.7342575123725154e-05,0.0,0.0
ACAGCCTCGTT,2.7342575123725154e-05,0.0,0.0
CAGGACACCGT,2.7342575123725154e-05,0.0,0.0
ATTGTGCCAAC,2.7342575123725154e-05,0.0,0.0
TGCGCTTCACT,2.7342575123725154e-05,0.0,0.0
AACGAACCACT,2.7342575123725154e-05,0.0,1.8789575543488474e-05
ACGGGTACTCA,2.7342575123725154e-05,0.0,0.0
ACTCACGCAAT,2.7342575123725154e-05,0.0,0.0
ACGGTTACTTA,2.7342575123725154e-05,0.0,3.757915108697695e-05
ATAGAACCCGC,2.7342575123725154e-05,0.0,0.0
ACCGCTACAAA,2.7342575123725154e-05,0.0,0.0
AAGGTTACGTA,2.7342575123725154e-05,0.0,0.0
AAGGTTACATA,2.7342575123725154e-05,0.0,0.0
AAGGGCTCAAT,2.7342575123725154e-05,0.0,0.0
AATGATCCGAT,2.7342575123725154e-05,0.0,0.0
AAAGAGCTTTC,2.7342575123725154e-05,0.0,0.0
TAAGACGATAT,2.7342575123725154e-05,0.0,0.0
AAAGTTTCTGG,2.7342575123725154e-05,0.0,1.8789575543488474e-05
AAGGTTACTGA,2.7342575123725154e-05,0.0,0.0
AATGGCACCAT,2.7342575123725154e-05,0.0,0.0
AAGGTGTCGGG,2.7342575123725154e-05,0.0,0.0
ATTGAATCACC,2.7342575123725154e-05,0.0,0.0
AAAGCTCTTAA,2.7342575123725154e-05,0.0,0.0
AAGGCTACCAC,2.7342575123725154e-05,0.0,0.0
AAAGAGGCTGC,2.7342575123725154e-05,0.0,0.0
AGGGAGGCTGC,2.7342575123725154e-05,0.0,0.0
AACGGGGCGGG,2.7342575123725154e-05,0.0,0.0
AACGAGGTTGC,2.7342575123725154e-05,0.0,0.0
ATGGCGTCAGA,2.7342575123725154e-05,0.0,0.0
AAGCCTACCAT,2.7342575123725154e-05,0.0,0.0
AAACCGACGCC,2.7342575123725154e-05,0.0,0.0
AGCGCTTCACT,2.7342575123725154e-05,0.0,1.8789575543488474e-05
ACAGCGCCTCA,2.7342575123725154e-05,0.0,0.0
GGGGAAACTAA,2.7342575123725154e-05,0.0,0.0
CCTCCAACCTT,2.7342575123725154e-05,0.0,0.0
AACGAGGCTGG,2.7342575123725154e-05,0.0,0.0
AAGGAGGCTGC,2.7342575123725154e-05,0.0,0.0
AATG___CTCA,2.7342575123725154e-05,0.0,0.0
AAAAGGTCCAG,2.7342575123725154e-05,0.0,0.0
GGGAAAATTAA,2.7342575123725154e-05,0.0,0.0
TTTGCGTTGAA,2.7342575123725154e-05,0.0,0.0
AATGCCTTGCA,2.7342575123725154e-05,0.0,0.0
TGTGGTACGAG,2.7342575123725154e-05,0.0,0.0
TGGGTTGGTAA,2.7342575123725154e-05,0.0,0.0
ATACCACCCGC,2.7342575123725154e-05,0.0,0.0
ATAGCAATACA,2.7342575123725154e-05,0.0,0.0
ACAGAACCCCT,2.7342575123725154e-05,0.0,0.0
AAATTTGCAAA,2.7342575123725154e-05,0.0,0.0
__AGAGACTCT,2.7342575123725154e-05,0.0,0.0
ACATAACCCTT,2.7342575123725154e-05,0.0,0.0
GCGGATGCCGT,2.7342575123725154e-05,0.0,0.0
AAAGACGCCGT,2.7342575123725154e-05,0.0,0.0
ATAGAAACGAA,2.7342575123725154e-05,0.0,0.0
ATTGCGTCCTC,2.7342575123725154e-05,0.0,0.0
CCTGCCCCACT,2.7342575123725154e-05,0.0,0.0
AGAGAATAGAC,2.7342575123725154e-05,0.0,0.0
AAGGTTGCCGC,2.7342575123725154e-05,0.0,0.0
ATATTAACTAA,2.7342575123725154e-05,0.0,0.0
ATCGCAATAAA,2.7342575123725154e-05,0.0,0.0
AATGCTCCGAG,2.7342575123725154e-05,0.0,0.0
AATGCGAATTC,2.7342575123725154e-05,0.0,0.0
ACGGCACCGGA,2.7342575123725154e-05,0.0,0.0
ATAGAGACAAA,2.7342575123725154e-05,0.0,0.0
ACTATACTCCA,2.7342575123725154e-05,0.0,0.0
TCGGCCCCACT,2.7342575123725154e-05,0.0,0.0
CTTAATTCAAG,2.7342575123725154e-05,0.0,0.0
AAAGCAGCTTG,2.7342575123725154e-05,0.0,0.0
AAGGCGACTTC,2.7342575123725154e-05,0.0,0.0
TAAGCGCCTAA,2.7342575123725154e-05,0.0,0.0
ATTTTATCGGT,2.7342575123725154e-05,0.0,0.0
ATGGTAACTAC,2.7342575123725154e-05,0.0,0.0
AAAGATTCCAC,2.7342575123725154e-05,0.0,0.0
ATTGGGTCCAC,2.7342575123725154e-05,0.0,0.0
AAAGACTCGTT,2.7342575123725154e-05,0.0,0.0
AACCATCAACT,2.7342575123725154e-05,0.0,0.0
ATGGCTACGGT,2.7342575123725154e-05,0.0,0.0
ATGGATCCCGA,2.7342575123725154e-05,0.0,0.0
AAAGCCGCCTA,2.7342575123725154e-05,0.0,0.0
AGCGTATCTAC,2.7342575123725154e-05,0.0,0.0
AACGGAGCATT,2.7342575123725154e-05,0.0,0.0
ATTGAGTCGTT,2.7342575123725154e-05,0.0,0.0
ACGGTTACTCC,2.7342575123725154e-05,0.0,0.0
ACTGTGACGTA,2.7342575123725154e-05,0.0,0.0
ATAGAGGAAAG,2.7342575123725154e-05,0.0,0.0
ATAGTTACCCA,2.7342575123725154e-05,0.0,0.0
AAGGACCCCTT,2.7342575123725154e-05,0.0,0.0
AGGGTCAAGTA,2.7342575123725154e-05,0.0,0.0
AGCGCTGATAG,2.7342575123725154e-05,0.0,0.0
AATGTCGCTCC,2.7342575123725154e-05,0.0,0.0
AACGAAACTAC,2.7342575123725154e-05,0.0,0.0
AGCGACCCCCC,2.7342575123725154e-05,0.0,0.0
ATCGTGACCAA,2.7342575123725154e-05,0.0,0.0
ACTGTTCCAAA,2.7342575123725154e-05,0.0,0.0
AGGGCCACGGT,2.7342575123725154e-05,0.0,0.0
AAAGCCACCTA,2.7342575123725154e-05,0.0,0.0
AATGTATCCCA,2.7342575123725154e-05,0.0,0.0
ATGGTCACTAA,2.7342575123725154e-05,0.0,0.0
ACCTAATCAAA,2.7342575123725154e-05,0.0,0.0
AGCGCTTCTAG,2.7342575123725154e-05,0.0,0.0
ACCGTAACGCG,2.7342575123725154e-05,0.0,0.0
ATGGTGCCAGC,2.7342575123725154e-05,0.0,0.0
ATAGTGACGGA,2.7342575123725154e-05,0.0,0.0
ACTGACGCAAG,2.7342575123725154e-05,0.0,0.0
AATGTCGCTGT,2.7342575123725154e-05,0.0,0.0
AGCGCTTCTCA,2.7342575123725154e-05,0.0,0.0
AATACTACGGT,2.7342575123725154e-05,0.0,0.0
ACTGGACCAAA,2.7342575123725154e-05,0.0,0.0
ACGGTGACGGT,2.7342575123725154e-05,0.0,0.0
ATTACGTCCTT,2.7342575123725154e-05,0.0,0.0
AGCGACCCAGC,2.7342575123725154e-05,0.0,0.0
AATAATTCAAT,2.7342575123725154e-05,0.0,0.0
CCGGTCC_CAA,2.7342575123725154e-05,0.0,0.0
ACAGTCACAAC,2.7342575123725154e-05,0.0,0.0
ACAGATACACT,2.7342575123725154e-05,0.0,0.0
AACGGATCGTG,0.0,0.01691067457375834,0.00800435918152609
ACAGCAGCGTA,0.0,0.006972757598220905,0.0
ATAGCAACATT,0.0,0.006231467753891772,0.0
ACAGATGCGCG,0.0,0.00583765752409192,0.0
AGAGGCCCAGG,0.0,0.00583765752409192,0.0
AACGTCTCTAT,0.0,0.00558283914010378,0.0
AAGGATACTCC,0.0,0.005420681986656782,0.002066853309783732
AAAGGTACTGG,0.0,0.005189028910303929,0.0
AGAGTTACGAC,0.0,0.004957375833951075,0.0
ATCGTCTTTTC,0.0,0.004818383988139363,0.0
ACTGGAGCATG,0.0,0.004795218680504077,0.0
AGAGATACTCG,0.0,0.004656226834692365,0.0
ACCGTAACGCC,0.0,0.004586730911786509,0.0017662201010879165
ACAGGTACACC,0.0,0.004517234988880652,0.003250596569023506
ATCGAGGCCCT,0.0,0.00437824314306894,0.0
AAAGCACCTCG,0.0,0.004030763528539659,0.0
AAAGAAGCAAC,0.0,0.003938102297998517,0.0
ATTGTCGCTGA,0.0,0.003868606375092661,0.0
AACGATACGAA,0.0,0.003845441067457376,0.0
ACGGTTGCTGG,0.0,0.0037064492216456633,0.0
AGCGCAGCAGA,0.0,0.0037064492216456633,0.0
ATGGATGCATA,0.0,0.0034284655300222387,0.0
AGTGCCGCCTT,0.0,0.0033589696071163826,0.0
AAAGCCCCATC,0.0,0.003266308376575241,0.005091974972285376
ATCGTCACCAT,0.0,0.003266308376575241,0.0
AGGGTGGCTCA,0.0,0.00321997776130467,0.0
ACCGGGGCGGT,0.0,0.003150481838398814,0.0
ACGGAGGCAAG,0.0,0.003104151223128243,0.0
AATGTGTCGAG,0.0,0.0030809859154929575,0.0
ATCGTTACAAA,0.0,0.0030578206078576723,0.0
ACGGGCTCGAC,0.0,0.003034655300222387,0.0
AATGCGACTAA,0.0,0.0030114899925871015,0.0
AACGAGTCGGG,0.0,0.0029883246849518163,0.0
AACGAATCTAC,0.0,0.00291882876204596,0.0034009131733714133
ACTGGACCTGC,0.0,0.00291882876204596,0.0
AGTGACACGGA,0.0,0.0028261675315048185,0.0
ACGGCAGCTAG,0.0,0.0027798369162342477,0.0
ACAGATACGTA,0.0,0.0027798369162342477,0.0
AGTGTTTCCAA,0.0,0.002756671608598962,0.0
AGAGAACCTAA,0.0,0.002733506300963677,0.0
ACAGCATCTAG,0.0,0.002710340993328391,0.0
ACCGCTACGCA,0.0,0.002687175685693106,0.0
ACGGCTCCCTG,0.0,0.002664010378057821,0.002780857180436294
ATAGAGACAGG,0.0,0.002664010378057821,3.757915108697695e-05
ATTGAGACGCT,0.0,0.002664010378057821,0.0
AACGTATCCTA,0.0,0.002640845070422535,0.0018413784032618704
ATAGACGCATA,0.0,0.0025945144551519643,0.0
ACTGCTCCACA,0.0,0.002571349147516679,0.0
AATGCATCCAA,0.0,0.0025481838398813935,0.0
AACGCTACAAC,0.0,0.0025018532246108226,0.0
ATTGAAACCGG,0.0,0.0025018532246108226,0.0020104845831532664
ATGGGTTCACC,0.0,0.0025018532246108226,0.0
AATGCACCTTC,0.0,0.0025018532246108226,0.0
ACAGTGACTAC,0.0,0.0024786879169755374,0.0
ATAGCATCCAC,0.0,0.002455522609340252,0.0
AGTGACACACA,0.0,0.002455522609340252,0.0
ACAGCTCCCCG,0.0,0.002455522609340252,0.0
AGCGCCACATT,0.0,0.002455522609340252,0.0
ACTGAACCAAA,0.0,0.0024323573017049666,0.0
ATAGACACGTG,0.0,0.0024091919940696814,0.0
ACTGCCACAAA,0.0,0.0024091919940696814,0.0
AACGTAACGAA,0.0,0.0024091919940696814,0.0
AGCGCGACCAA,0.0,0.0023860266864343957,0.0
AATGGAACACA,0.0,0.002339696071163825,0.0
AGGGGGTCAAA,0.0,0.0023165307635285397,0.0
ATTGTCGCAGA,0.0,0.0023165307635285397,0.0
ACAGCGCCCAA,0.0,0.002270200148257969,3.757915108697695e-05
ATAGGCTCAAT,0.0,0.002223869532987398,0.0
AAAGGGCCGTT,0.0,0.002223869532987398,0.0
ACCGGCACCAT,0.0,0.002177538917716827,0.0
ATCGCAACGTA,0.0,0.002177538917716827,0.0
AACGCTACACT,0.0,0.002177538917716827,3.757915108697695e-05
ACCGGTGCTAA,0.0,0.002177538917716827,0.0
AGTGACACAAT,0.0,0.002154373610081542,0.0
AGAGATACAGT,0.0,0.0021312083024462563,0.0
AGCGATTCGCA,0.0,0.002084877687175686,0.0
AATGTAACATT,0.0,0.002084877687175686,0.0
AGAGAGTCTAC,0.0,0.0020617123795404002,0.0
ACAGAATCAAC,0.0,0.002038547071905115,0.0015219556190225662
AACGAACCTAG,0.0,0.002038547071905115,0.0
ATGGTGGCTTT,0.0,0.0019690511489992586,0.0
AACGTTACGTA,0.0,0.0019458858413639733,0.0
AGTGTAACAGC,0.0,0.0018995552260934025,0.0009394787771744237
AATGCTACCGT,0.0,0.001876389918458117,0.0
ATAGTGACCAC,0.0,0.0018532246108228317,0.0
AGAGGATCTCA,0.0,0.001806893995552261,0.0
ACAGTTACTAA,0.0,0.0017373980726464048,0.0
AACGTAACGTA,0.0,0.0017142327650111193,0.0
ATCGGAACTCA,0.0,0.001691067457375834,0.0
AGAGCTACATA,0.0,0.0016215715344699779,0.0
ATAGCCTCAAC,0.0,0.0015984062268346924,0.0
ACCGCCTCTTC,0.0,0.001575240919199407,0.0
AAAGCTACAAA,0.0,0.0015520756115641216,0.0
ACAGCAGCATT,0.0,0.0015520756115641216,0.0
AAAGCGACCAA,0.0,0.0013899184581171238,0.0
AACGATTCCCG,0.0,0.0013667531504818384,0.0
AGTGTCTCTTT,0.0,0.001343587842846553,0.0
AGAGTGACCCT,0.0,0.0011582653817642698,0.0
ATTGCGCCACT,0.0,0.0011582653817642698,0.0
AAAGACACTTA,0.0,0.0007412898443291327,3.757915108697695e-05
ACCGTTACAAA,0.0,0.0005328020756115641,0.0
ACGTTTGCTGG,0.0,0.00034747961452928096,0.0
AATGCAAAAAA,0.0,0.00027798369162342475,0.0
AAACCCCCATC,0.0,0.0002548183839881394,0.0005261081152176773
AATGCGAAAAA,0.0,0.0002548183839881394,0.0
ACGGTGTTCA_,0.0,0.00018532246108228317,0.0
AACGGAACACC,0.0,0.00018532246108228317,0.0
AATGCAACAAA,0.0,0.00016215715344699777,0.0
ATAGTAGCTGA,0.0,0.00013899184581171237,0.0019729054320662895
AAGGAGTCCAA,0.0,0.00013899184581171237,0.0
ACAGCGTCGCC,0.0,0.00013899184581171237,0.0
AAGGCGAAAAA,0.0,0.00013899184581171237,0.0
AATGCTAAAAA,0.0,0.00013899184581171237,0.0
AATGTCACAAT,0.0,0.00011582653817642698,9.394787771744236e-05
AATGAATCGGG,0.0,9.266123054114158e-05,0.0
ACAGCATCTCG,0.0,9.266123054114158e-05,0.0
AATGCATCTCT,0.0,9.266123054114158e-05,0.0
AACGCGGCTCG,0.0,9.266123054114158e-05,0.0
AGCGAAGCACC,0.0,9.266123054114158e-05,0.0
AATGATCCACT,0.0,9.266123054114158e-05,0.0
ATGGAAACACG,0.0,9.266123054114158e-05,0.002423855245110013
AAGGAGACATA,0.0,9.266123054114158e-05,0.0
ATAGTTGCTAT,0.0,9.266123054114158e-05,0.0
AGCGTGACAGG,0.0,9.266123054114158e-05,0.0
AGGGAATCATG,0.0,9.266123054114158e-05,0.0
ATAGCATCTTG,0.0,9.266123054114158e-05,0.0
AAAGGTACAAT,0.0,9.266123054114158e-05,0.0
ATTGTACCAAC,0.0,9.266123054114158e-05,0.0
ACGGTGTCCAT,0.0,9.266123054114158e-05,0.0
ACTGACACAAG,0.0,9.266123054114158e-05,3.757915108697695e-05
ACAGGATCTCC,0.0,9.266123054114158e-05,0.0
ACAGGGCCGGA,0.0,9.266123054114158e-05,0.0
AAAGCAACGTC,0.0,9.266123054114158e-05,0.0
ATCGACCCCCT,0.0,9.266123054114158e-05,0.0
AATCCAAAAAA,0.0,9.266123054114158e-05,0.0
AGTGGTTCCGC,0.0,6.949592290585619e-05,0.0
AATGGTACAAT,0.0,6.949592290585619e-05,7.51583021739539e-05
AATCCGAAAAA,0.0,6.949592290585619e-05,0.0
AATCCTAAAAA,0.0,6.949592290585619e-05,0.0
AATGCGACAAA,0.0,6.949592290585619e-05,0.0
AAGGCAAAAAA,0.0,6.949592290585619e-05,0.0
AATGCTACAAA,0.0,6.949592290585619e-05,0.0
AGGGTTACTCA,0.0,4.633061527057079e-05,0.0
ACAGTTGCCAT,0.0,4.633061527057079e-05,0.0
AGTGTTACCGT,0.0,4.633061527057079e-05,0.0
ATTGCGTCAGG,0.0,4.633061527057079e-05,0.0
AACGGATCGTC,0.0,4.633061527057079e-05,3.757915108697695e-05
ACTGTTTCTGG,0.0,4.633061527057079e-05,0.0
AATGTATCCTA,0.0,4.633061527057079e-05,0.0
ATAGGGACAGG,0.0,4.633061527057079e-05,0.0
AATGCCCTTTT,0.0,4.633061527057079e-05,0.0
ACTGTTGCCAG,0.0,4.633061527057079e-05,0.0
AGAGCACCGAG,0.0,4.633061527057079e-05,0.0
AATGGAACAAT,0.0,4.633061527057079e-05,0.0
AATGGCACAGT,0.0,4.633061527057079e-05,3.757915108697695e-05
AATGGATCATT,0.0,4.633061527057079e-05,0.0
AAAGGGACTGA,0.0,4.633061527057079e-05,0.0
AATGTCTCTAT,0.0,4.633061527057079e-05,1.8789575543488474e-05
ACCGATACTAG,0.0,4.633061527057079e-05,0.0
ATTGCTCCAAT,0.0,4.633061527057079e-05,0.0
AGTGACACACT,0.0,4.633061527057079e-05,0.0
ACAGTATCTCA,0.0,4.633061527057079e-05,0.0
ATAGTAACTAA,0.0,4.633061527057079e-05,0.0
AATGGTTCAGT,0.0,4.633061527057079e-05,0.0
CACCAGTGTAA,0.0,4.633061527057079e-05,0.0
ATCGTTTCTTC,0.0,4.633061527057079e-05,0.0
ACGGTATCCAG,0.0,4.633061527057079e-05,0.0
ATAGACACAGT,0.0,4.633061527057079e-05,0.0
AGAGGTACACC,0.0,4.633061527057079e-05,0.0
AATGCTCCCTT,0.0,4.633061527057079e-05,0.0
CAACTAATAGA,0.0,4.633061527057079e-05,0.0
AAAGTCACTGG,0.0,4.633061527057079e-05,0.0
ACCGAGGCAAT,0.0,4.633061527057079e-05,0.0
ACAGAATAACC,0.0,4.633061527057079e-05,0.0
ATAGGTACACA,0.0,4.633061527057079e-05,0.0
ACAGCCTCAAC,0.0,4.633061527057079e-05,0.0
ACCGTCTCTAT,0.0,4.633061527057079e-05,0.0
ATGGCCATGGT,0.0,4.633061527057079e-05,0.0
ACAGTTACCCC,0.0,4.633061527057079e-05,0.0
AAAGTTACCCC,0.0,4.633061527057079e-05,0.0
AACGCTACGGT,0.0,4.633061527057079e-05,0.0
AACGTAACGCG,0.0,4.633061527057079e-05,0.0
AATGTAGCCAA,0.0,4.633061527057079e-05,0.0
ATTGTGCCACT,0.0,4.633061527057079e-05,0.0
ATCGAGGCCCA,0.0,4.633061527057079e-05,0.0
ATAGCAATTCT,0.0,4.633061527057079e-05,0.0
AAAGGATCGAT,0.0,4.633061527057079e-05,0.002292328216305594
AATGGCACGAT,0.0,4.633061527057079e-05,0.00011273745326093084
ATCGCAGCAAG,0.0,4.633061527057079e-05,0.0
ATAGCGTCCAC,0.0,4.633061527057079e-05,0.0
TGTGACACGGA,0.0,4.633061527057079e-05,0.0
ATACTTACCAG,0.0,4.633061527057079e-05,0.0
AAAGAGACCCT,0.0,4.633061527057079e-05,0.0
AATGAGTTACG,0.0,4.633061527057079e-05,0.0
ATAGAGACGTA,0.0,4.633061527057079e-05,0.0
AACGGATCATG,0.0,4.633061527057079e-05,3.757915108697695e-05
ATGCAGGTAGG,0.0,4.633061527057079e-05,0.0
ATCGTTATAAA,0.0,4.633061527057079e-05,0.0
ACTGTAACTTT,0.0,4.633061527057079e-05,0.0
AAAGGCCCGGA,0.0,4.633061527057079e-05,0.0
ATAGTTACCCT,0.0,4.633061527057079e-05,0.0
ATGATGTATAC,0.0,4.633061527057079e-05,0.0
AATGTAACGAT,0.0,4.633061527057079e-05,0.0
ACCGAAACCAA,0.0,4.633061527057079e-05,0.0
ATTGCTACCCC,0.0,4.633061527057079e-05,0.0
ATGAGTTACGA,0.0,4.633061527057079e-05,0.0
ACTGCTCCACT,0.0,4.633061527057079e-05,0.0
ATAGGTCCGGA,0.0,4.633061527057079e-05,0.0
AACGCTTCCCA,0.0,4.633061527057079e-05,0.0
AAAGAGTCCGC,0.0,4.633061527057079e-05,0.0014655868923921008
ACCGGCACAAT,0.0,4.633061527057079e-05,0.0
ATTGCACCTGG,0.0,4.633061527057079e-05,0.0
AATGTGCCGAG,0.0,4.633061527057079e-05,0.0
ATAGTACCAAA,0.0,4.633061527057079e-05,0.0
AATGGATCGTG,0.0,4.633061527057079e-05,0.0
AATGTACCTAG,0.0,4.633061527057079e-05,0.0
AAGGCTAAAAA,0.0,4.633061527057079e-05,0.0
ACGGTTGTTGG,0.0,4.633061527057079e-05,0.0
AAGGCAACAAA,0.0,4.633061527057079e-05,0.0
ACGTTTGCGGG,0.0,4.633061527057079e-05,0.0
AATCCAACAAA,0.0,4.633061527057079e-05,0.0
AAGGCAATAAA,0.0,4.633061527057079e-05,0.0
AAGGCGACAAA,0.0,4.633061527057079e-05,0.0
AAGCCAAAAAA,0.0,4.633061527057079e-05,0.0
ACCTGATCACC,0.0,4.633061527057079e-05,0.0
AACGGATCGTT,0.0,2.3165307635285396e-05,0.0
AGTGCGCCGAG,0.0,2.3165307635285396e-05,0.0
AGATCTTCGAG,0.0,2.3165307635285396e-05,0.0
AAAGACGCAAC,0.0,2.3165307635285396e-05,0.0
ATTGAGAAGCT,0.0,2.3165307635285396e-05,0.0
ATTGTTGCT__,0.0,2.3165307635285396e-05,0.0
AGAGTCACCAA,0.0,2.3165307635285396e-05,0.0
AAGGCCACGTT,0.0,2.3165307635285396e-05,0.0
AATGTGTAGAG,0.0,2.3165307635285396e-05,0.0
ACAGGAACTGG,0.0,2.3165307635285396e-05,0.0
AAAGAGCCGTT,0.0,2.3165307635285396e-05,0.0
AAAGACTCACC,0.0,2.3165307635285396e-05,0.0
AACGGCTCAGT,0.0,2.3165307635285396e-05,0.0
ACGGATACTCC,0.0,2.3165307635285396e-05,0.0
AAAGTCTCTAT,0.0,2.3165307635285396e-05,0.0
AACGATACGGA,0.0,2.3165307635285396e-05,0.0
ACGGTATACAA,0.0,2.3165307635285396e-05,0.0
ACTGCACCTTC,0.0,2.3165307635285396e-05,0.0
AGGGGGCCACA,0.0,2.3165307635285396e-05,0.0
AATGGCACACT,0.0,2.3165307635285396e-05,3.757915108697695e-05
AACGACGCACC,0.0,2.3165307635285396e-05,0.0
AACGCATCGTG,0.0,2.3165307635285396e-05,0.0
AACGTCACTAT,0.0,2.3165307635285396e-05,0.0
ACAGTAATTAA,0.0,2.3165307635285396e-05,0.0
CGAGATACTCG,0.0,2.3165307635285396e-05,0.0
AAAGACTCGTC,0.0,2.3165307635285396e-05,0.0
ACAGCTTCTCA,0.0,2.3165307635285396e-05,0.0
AACGAGACGCC,0.0,2.3165307635285396e-05,0.0
ACCGCCCCTAG,0.0,2.3165307635285396e-05,0.0
AAAGTTACTTC,0.0,2.3165307635285396e-05,0.0
ATAGTTACGCC,0.0,2.3165307635285396e-05,0.0
AAAGCATCTAA,0.0,2.3165307635285396e-05,0.0
ACTGCATCCAT,0.0,2.3165307635285396e-05,0.0
ATTGTTTTCTA,0.0,2.3165307635285396e-05,0.0
AGAGGGGCTCA,0.0,2.3165307635285396e-05,0.0
AGGGTTTCTAA,0.0,2.3165307635285396e-05,0.0
AACGGTGCAGT,0.0,2.3165307635285396e-05,1.8789575543488474e-05
AATGGAGCATG,0.0,2.3165307635285396e-05,0.0
AGAGCGCCGAT,0.0,2.3165307635285396e-05,0.0
AGGATGGCTCA,0.0,2.3165307635285396e-05,0.0
ATAGACGCCGA,0.0,2.3165307635285396e-05,0.0
AACGCAACGTA,0.0,2.3165307635285396e-05,0.0
AGAGCACCAAC,0.0,2.3165307635285396e-05,0.0
AACATAACGTG,0.0,2.3165307635285396e-05,0.0
ATAGGTACCCC,0.0,2.3165307635285396e-05,0.0
AACTATTCGAA,0.0,2.3165307635285396e-05,0.0
ATACTTATCCC,0.0,2.3165307635285396e-05,0.0
AGAGTGCCGAG,0.0,2.3165307635285396e-05,0.0
GGAGTTACGAA,0.0,2.3165307635285396e-05,0.0
AAAGAAT_CAT,0.0,2.3165307635285396e-05,0.0
AGGGGGGCAAA,0.0,2.3165307635285396e-05,0.0
ACTGGACCCGC,0.0,2.3165307635285396e-05,0.0
AGAGTAACAAC,0.0,2.3165307635285396e-05,0.0
AACGTCTCTTT,0.0,2.3165307635285396e-05,0.0
ATAGTCCCAAC,0.0,2.3165307635285396e-05,0.0
AATGGCCCAAT,0.0,2.3165307635285396e-05,1.8789575543488474e-05
ATAGTACCACC,0.0,2.3165307635285396e-05,0.0
ATCGTACCAAC,0.0,2.3165307635285396e-05,0.0
AACGTATCAAG,0.0,2.3165307635285396e-05,0.0
ACAGCTCCCTG,0.0,2.3165307635285396e-05,0.0
AGTGAAACAGC,0.0,2.3165307635285396e-05,0.0
AATGATAAAAA,0.0,2.3165307635285396e-05,0.0
AGGGTTGCTGG,0.0,2.3165307635285396e-05,0.0
ACGGTTACTGG,0.0,2.3165307635285396e-05,0.0
ACGTTTGCTGT,0.0,2.3165307635285396e-05,0.0
AATCCTTAAAA,0.0,2.3165307635285396e-05,0.0
ACGGTTGCGGT,0.0,2.3165307635285396e-05,0.0
AACGCCCCACC,0.0,2.3165307635285396e-05,0.0
AAAGCAACAAA,0.0,2.3165307635285396e-05,0.0
ATTGCTAAAAA,0.0,2.3165307635285396e-05,0.0
AAAGCCCCAT_,0.0,2.3165307635285396e-05,0.0
AAACCCCAATC,0.0,2.3165307635285396e-05,0.0
AGGGTTGCGGG,0.0,2.3165307635285396e-05,0.0
AAACCCCCACC,0.0,2.3165307635285396e-05,0.0
AAAGCCCCACC,0.0,2.3165307635285396e-05,3.757915108697695e-05
AGGGTTGTTGT,0.0,2.3165307635285396e-05,0.0
ATTATGGCTAA,0.0,2.3165307635285396e-05,0.0
ATGGAGAGAGA,0.0,2.3165307635285396e-05,0.0
AATGCTAATAA,0.0,2.3165307635285396e-05,0.0
AATCCAATAAA,0.0,2.3165307635285396e-05,0.0
AAGGCTTCAAA,0.0,2.3165307635285396e-05,0.0
AAACCTACAAA,0.0,2.3165307635285396e-05,0.0
AATCCTACAAA,0.0,2.3165307635285396e-05,0.0
AATTCTAAAAA,0.0,2.3165307635285396e-05,0.0
AAGCCTTAAAA,0.0,2.3165307635285396e-05,0.0
AAGGCAAATAA,0.0,2.3165307635285396e-05,0.0
AAGCCGAAAAA,0.0,2.3165307635285396e-05,0.0
AATGAGAAAAA,0.0,2.3165307635285396e-05,0.0
AATTCATCAAA,0.0,2.3165307635285396e-05,0.0
AAAGCCCCAGC,0.0,2.3165307635285396e-05,0.0
AGTGCTACTAA,0.0,2.3165307635285396e-05,0.0
AAGCCATAAAA,0.0,2.3165307635285396e-05,0.0
AAACCCCCAGG,0.0,2.3165307635285396e-05,0.0
ACGGTTGGTGG,0.0,2.3165307635285396e-05,0.0
AATCCAACTAA,0.0,2.3165307635285396e-05,0.0
ACTGAATCAAA,0.0,2.3165307635285396e-05,0.0
AACTTGTCA__,0.0,2.3165307635285396e-05,0.0
ACAGATACACC,0.0,2.3165307635285396e-05,0.0
AACTTACCTCC,0.0,2.3165307635285396e-05,0.0
AACGTCCCTCC,0.0,2.3165307635285396e-05,0.0
ATGGTGACTCT,0.0,2.3165307635285396e-05,0.0
AAGCCGACAAA,0.0,2.3165307635285396e-05,0.0
ATAGCCCCAAC,0.0,2.3165307635285396e-05,0.0
ATCCTATCTAG,0.0,2.3165307635285396e-05,0.0
AGAGAGTCGGC,0.0,2.3165307635285396e-05,0.0
AGGGAGAGGAT,0.0,2.3165307635285396e-05,1.8789575543488474e-05
AACGATTACCG,0.0,2.3165307635285396e-05,0.0
ATAAACTCCGA,0.0,2.3165307635285396e-05,0.0
AAGGCCACGGT,0.0,2.3165307635285396e-05,0.0
AAAGGTATTAA,0.0,2.3165307635285396e-05,0.0
GCTGGCCCCCT,0.0,2.3165307635285396e-05,0.0
AAAGTGCCGCT,0.0,2.3165307635285396e-05,0.0
ACTGACACAAT,0.0,2.3165307635285396e-05,7.51583021739539e-05
AATGAAACACA,0.0,2.3165307635285396e-05,0.0
ATAGTCTCCGA,0.0,2.3165307635285396e-05,0.0
ACAGAGTCTTC,0.0,2.3165307635285396e-05,0.0
ACCGGAAACAT,0.0,2.3165307635285396e-05,0.0
AGTACCGCCTT,0.0,2.3165307635285396e-05,0.0
ATGGGCGCGGA,0.0,2.3165307635285396e-05,0.0
AGAGAATCTAC,0.0,2.3165307635285396e-05,0.0
ATGGTGGCTAA,0.0,2.3165307635285396e-05,0.0
ACAGAATCATA,0.0,2.3165307635285396e-05,0.0
ATAGCATGCAC,0.0,2.3165307635285396e-05,0.0
ACTGACACGCT,0.0,2.3165307635285396e-05,0.0
ATAGCGCCGAG,0.0,2.3165307635285396e-05,0.0
AACGATCCGCT,0.0,2.3165307635285396e-05,0.0
ACATCATCTAG,0.0,2.3165307635285396e-05,0.0
ATTGTGCCTAA,0.0,2.3165307635285396e-05,0.0
AAGGATACTAC,0.0,2.3165307635285396e-05,0.0
ATAGCATCCTC,0.0,2.3165307635285396e-05,0.0
AACGATACACT,0.0,2.3165307635285396e-05,1.8789575543488474e-05
ACAGCTCTATT,0.0,2.3165307635285396e-05,0.0
ATCGATTCCAA,0.0,2.3165307635285396e-05,0.0
GGAGCCCCGAG,0.0,2.3165307635285396e-05,0.0
AACGGCACCAT,0.0,2.3165307635285396e-05,0.0
ATAGTTAACCA,0.0,2.3165307635285396e-05,0.0
ATCGTTACGTA,0.0,2.3165307635285396e-05,0.0
ACAGTAACCAA,0.0,2.3165307635285396e-05,0.0
ACAGTAACAAC,0.0,2.3165307635285396e-05,0.0
ATAGTTACACC,0.0,2.3165307635285396e-05,3.757915108697695e-05
ATCGAGGCACT,0.0,2.3165307635285396e-05,0.0
AACGCTACCCT,0.0,2.3165307635285396e-05,0.0
AACGAGTCGCC,0.0,2.3165307635285396e-05,0.0
AACTTAACGTA,0.0,2.3165307635285396e-05,0.0
ACCGCAGCGTA,0.0,2.3165307635285396e-05,0.0
ACTTAAACTTG,0.0,2.3165307635285396e-05,0.0
AGATTTACGAA,0.0,2.3165307635285396e-05,0.0
ACGTGCTCGAC,0.0,2.3165307635285396e-05,0.0
ACTGTTACTCA,0.0,2.3165307635285396e-05,0.0
ACTGACACGAT,0.0,2.3165307635285396e-05,0.0
ACTGATCCAAA,0.0,2.3165307635285396e-05,0.0
ACATGTACCTA,0.0,2.3165307635285396e-05,0.0
ATCGCTACCAC,0.0,2.3165307635285396e-05,0.0
GTTGAGACGCC,0.0,2.3165307635285396e-05,0.0
ACGGTAGCTGG,0.0,2.3165307635285396e-05,0.0
AGGTTGGCTGT,0.0,2.3165307635285396e-05,0.0
ACGTTTGTTGG,0.0,2.3165307635285396e-05,0.0
AGGTTTGCTGG,0.0,2.3165307635285396e-05,0.0
AGGGTTGGTGG,0.0,2.3165307635285396e-05,0.0
ACGGTTGCTGT,0.0,2.3165307635285396e-05,0.0
ACGGTTTCTGG,0.0,2.3165307635285396e-05,0.0
ACTGAATCCGT,0.0,0.0,0.005185922850002818
AC_GTTGAG__,0.0,0.0,0.005129554123372353
AATGCCTCTTT,0.0,0.0,0.004960447943480957
AAGGCCACCCT,0.0,0.0,0.004885289641307003
ATAGTGGCTGA,0.0,0.0,0.0046598147347851416
AACGGTTCGAT,0.0,0.0,0.004565866857067699
ATAGGGTCGTA,0.0,0.0,0.004340391950545837
ACCGAGACTAC,0.0,0.0,0.0038894421375021138
AAAGGCCCTCC,0.0,0.0,0.0038894421375021138
AGTGCTTCATC,0.0,0.0,0.0038706525619586255
AGCGGGACAAG,0.0,0.0,0.003851862986415137
AACGCTCCCAC,0.0,0.0,0.003776704684241183
AAAGCGCCACA,0.0,0.0,0.003588808928806298
ATGGAGCCATT,0.0,0.0,0.003588808928806298
AAAGGTGTTCA,0.0,0.0,0.003551229777719321
ATAGTTTCTAA,0.0,0.0,0.003532440202175833
AAAGAGTCACA,0.0,0.0,0.0034009131733714133
ATGGGTGCCAC,0.0,0.0,0.003344544446740948
AGTGCCGCCAT,0.0,0.0,0.0032693861445669942
ATAGGGACAGA,0.0,0.0,0.003213017417936529
AAAGAACCTTA,0.0,0.0,0.003100279964675598
AGAGATCCCCG,0.0,0.0,0.0030814903891321094
ACGGTGGCATG,0.0,0.0,0.0030063320869581555
ATAGTAACCCG,0.0,0.0,0.0028560154826102477
AAGGAATCCAA,0.0,0.0,0.002780857180436294
AAAGCAGCAAA,0.0,0.0,0.0027244884538058286
AAAGAGCCACC,0.0,0.0,0.002668119727175363
ACGGTAACTAA,0.0,0.0,0.002668119727175363
AGTGAAACGGC,0.0,0.0,0.002630540576088386
AATGCAACGTT,0.0,0.0,0.002630540576088386
ATAGCATCGCG,0.0,0.0,0.0026117510005448977
ATAGAACCGTT,0.0,0.0,0.002592961425001409
AGTGATACCTA,0.0,0.0,0.002592961425001409
ACTGCGACGTG,0.0,0.0,0.002592961425001409
AATGAGACGAT,0.0,0.0,0.002536592698370944
ACCGTAACGAC,0.0,0.0,0.0024802239717404786
ATGGAGACATC,0.0,0.0,0.0024802239717404786
ACGGGCTCATT,0.0,0.0,0.0024802239717404786
ACTGACACAAA,0.0,0.0,0.0024802239717404786
AACGTATCCAA,0.0,0.0,0.0024050656695665247
AAGGACACTCC,0.0,0.0,0.0023674865184795477
ATCGAACCACG,0.0,0.0,0.0023674865184795477
AAAGACTCTAC,0.0,0.0,0.002235959489675128
AGAGTTTCAAA,0.0,0.0,0.002235959489675128
AATGTCACCAG,0.0,0.0,0.00221716991413164
AACGCATCGGT,0.0,0.0,0.002104432460870709
ACCGGTCCGGA,0.0,0.0,0.002104432460870709
ATAGCAGCACG,0.0,0.0,0.002104432460870709
AATGAATCGCC,0.0,0.0,0.002104432460870709
AGGGTGACAAC,0.0,0.0,0.002066853309783732
AAGGCAGCAGA,0.0,0.0,0.0020480637342402434
ATGGTCTCACT,0.0,0.0,0.001991695007609778
AATGCAACTGC,0.0,0.0,0.0019729054320662895
AAAGGCGCTAC,0.0,0.0,0.0019353262809793128
AATGAGCCCGG,0.0,0.0,0.0019165367054358243
AAAGGAACCAC,0.0,0.0,0.0018789575543488473
AGAGTAGCTCA,0.0,0.0,0.0018413784032618704
ATCGCCGCAGC,0.0,0.0,0.0018413784032618704
ACAGAACCCTG,0.0,0.0,0.0018037992521748934
ATGGACACGGA,0.0,0.0,0.0018037992521748934
ACCGCCACATA,0.0,0.0,0.001785009676631405
AATGAAACTCC,0.0,0.0,0.0017662201010879165
AACGGCACAGT,0.0,0.0,0.0017286409500009395
AACGCACCAAA,0.0,0.0,0.0016910617989139625
ACTGGGACGGT,0.0,0.0,0.0016910617989139625
AAAGTCTCTTT,0.0,0.0,0.0016910617989139625
AAGGGCGCAAC,0.0,0.0,0.0016346930722834971
AAAGGCGCTCA,0.0,0.0,0.0016346930722834971
ATGGCCACCCA,0.0,0.0,0.0016346930722834971
ATCGGTACTAG,0.0,0.0,0.0016159034967400086
ATTGGCCCACA,0.0,0.0,0.0015971139211965202
ACCGATCCTGG,0.0,0.0,0.0015971139211965202
AATGTAACTAA,0.0,0.0,0.0015595347701095432
AGTGCTTCCAA,0.0,0.0,0.0015407451945660547
AGGGAGACAGA,0.0,0.0,0.0015031660434790778
AGTGCTGCACT,0.0,0.0,0.0014843764679355893
AAAGAAACGAT,0.0,0.0,0.0014655868923921008
AGTGTTTCCAC,0.0,0.0,0.0014655868923921008
AGAGATTCTAC,0.0,0.0,0.0014467973168486123
AACGATCCAAT,0.0,0.0,0.00135284943913117
ATCGATGCATA,0.0,0.0,0.001315270288044193
AATGATTCGCT,0.0,0.0,0.001277691136957216
ACAGTAACATG,0.0,0.0,0.0012401119858702393
ATTGATTCCAA,0.0,0.0,0.0011837432592397739
ATCGGTTCTAA,0.0,0.0,0.0011273745326093084
ATGGTGGCCCG,0.0,0.0,0.00110858495706582
AAAGATGCGAT,0.0,0.0,0.00110858495706582
AGTGTATCTAA,0.0,0.0,0.0009770579282614006
ATGGATTCAAT,0.0,0.0,0.0009770579282614006
AACGAGGCGGT,0.0,0.0,0.0009018996260874467
AGGGTACCTCG,0.0,0.0,0.0007891621728265158
AGTGCCTCAAT,0.0,0.0,0.000676424719565585
ATAGCGACTAG,0.0,0.0,0.0003006332086958156
AATGATTCGTT,0.0,0.0,0.00018789575543488472
ATCGAATCCTG,0.0,0.0,0.00011273745326093084
AACGACCCTTG,0.0,0.0,7.51583021739539e-05
AACGAAGCGCT,0.0,0.0,7.51583021739539e-05
ATTGTGTCCAC,0.0,0.0,7.51583021739539e-05
AGGGAGACAAA,0.0,0.0,7.51583021739539e-05
ACTGAGACCCA,0.0,0.0,7.51583021739539e-05
ACCGAAGCATA,0.0,0.0,7.51583021739539e-05
AATGCCACAAT,0.0,0.0,5.636872663046542e-05
AGTGGCACAAT,0.0,0.0,5.636872663046542e-05
ATAGTTTCTGG,0.0,0.0,5.636872663046542e-05
ATAGAAGCTG_,0.0,0.0,5.636872663046542e-05
AATGGCACAAA,0.0,0.0,5.636872663046542e-05
ACAGACGCTGT,0.0,0.0,3.757915108697695e-05
ACAGAGGCTAC,0.0,0.0,3.757915108697695e-05
ATGGTTCCATT,0.0,0.0,3.757915108697695e-05
ACCGCAACACA,0.0,0.0,3.757915108697695e-05
ACAGTTTCTGC,0.0,0.0,3.757915108697695e-05
ATTGTTTCTG_,0.0,0.0,3.757915108697695e-05
AACGCTGCTAG,0.0,0.0,3.757915108697695e-05
AACGCAACCAA,0.0,0.0,3.757915108697695e-05
ACCGCCTCCGA,0.0,0.0,3.757915108697695e-05
AGGGTCACCCT,0.0,0.0,3.757915108697695e-05
ACGGATTCCCG,0.0,0.0,3.757915108697695e-05
ACAGTAACGAC,0.0,0.0,3.757915108697695e-05
AAGGAAACACG,0.0,0.0,3.757915108697695e-05
ACAGTAACGCA,0.0,0.0,3.757915108697695e-05
ACAGGAACTAT,0.0,0.0,3.757915108697695e-05
ATAGAACCCCG,0.0,0.0,3.757915108697695e-05
AGAGAGCCGAG,0.0,0.0,3.757915108697695e-05
AACGGACCCGT,0.0,0.0,3.757915108697695e-05
AAAGAGTCCAC,0.0,0.0,3.757915108697695e-05
ACTTAATCCGT,0.0,0.0,3.757915108697695e-05
AGTGAGACAGT,0.0,0.0,3.757915108697695e-05
_ACGGACCTAT,0.0,0.0,3.757915108697695e-05
AACGATCCATT,0.0,0.0,3.757915108697695e-05
AATGCCACCCT,0.0,0.0,3.757915108697695e-05
AGAGTGGCTGA,0.0,0.0,3.757915108697695e-05
ACAGTGGCTGA,0.0,0.0,3.757915108697695e-05
ACGGCTCCTAG,0.0,0.0,3.757915108697695e-05
ATAGCATCGTG,0.0,0.0,3.757915108697695e-05
ATAGCCCCATC,0.0,0.0,3.757915108697695e-05
AATGTAACGAC,0.0,0.0,3.757915108697695e-05
ACAGCTACCAC,0.0,0.0,3.757915108697695e-05
AAAGGCCCAAT,0.0,0.0,3.757915108697695e-05
ATTGCATCCAC,0.0,0.0,3.757915108697695e-05
AATGGGACAAT,0.0,0.0,3.757915108697695e-05
AACGGATCGAG,0.0,0.0,3.757915108697695e-05
ATAGCAACACT,0.0,0.0,3.757915108697695e-05
AAGGACACGGA,0.0,0.0,3.757915108697695e-05
ATAGCAACAGG,0.0,0.0,3.757915108697695e-05
ACAGTTTCTCT,0.0,0.0,3.757915108697695e-05
AACGTAACGCC,0.0,0.0,3.757915108697695e-05
AACGGATCGCG,0.0,0.0,3.757915108697695e-05
TAGTTGGCATG,0.0,0.0,3.757915108697695e-05
AACGCTTTACT,0.0,0.0,3.757915108697695e-05
AACGCCTCCAT,0.0,0.0,3.757915108697695e-05
AAGGCCACCCA,0.0,0.0,3.757915108697695e-05
ACCGCAACGCC,0.0,0.0,3.757915108697695e-05
ATGGTGGCTGA,0.0,0.0,3.757915108697695e-05
AATGAACCAAG,0.0,0.0,3.757915108697695e-05
AACGCTGCCAA,0.0,0.0,3.757915108697695e-05
AACGCTCTCAC,0.0,0.0,3.757915108697695e-05
AATGAATCGTC,0.0,0.0,3.757915108697695e-05
AATGGAACTCT,0.0,0.0,3.757915108697695e-05
ATGGCCACACA,0.0,0.0,3.757915108697695e-05
AAAGCCCAATC,0.0,0.0,3.757915108697695e-05
ATGGCGTCCAC,0.0,0.0,3.757915108697695e-05
ATTGCGTCCGC,0.0,0.0,3.757915108697695e-05
AATGTGTTCAG,0.0,0.0,1.8789575543488474e-05
ATAGAAACCCT,0.0,0.0,1.8789575543488474e-05
AAAGGTACACC,0.0,0.0,1.8789575543488474e-05
ATAAAAACCAC,0.0,0.0,1.8789575543488474e-05
ATATTTTCGTT,0.0,0.0,1.8789575543488474e-05
AGGTTTTCGTA,0.0,0.0,1.8789575543488474e-05
ATGTTTTCACG,0.0,0.0,1.8789575543488474e-05
GTAGGTTCTTC,0.0,0.0,1.8789575543488474e-05
ATTGCCTCTTT,0.0,0.0,1.8789575543488474e-05
AAATAAACGTT,0.0,0.0,1.8789575543488474e-05
AACGGTACAGT,0.0,0.0,1.8789575543488474e-05
ATACCAACTCT,0.0,0.0,1.8789575543488474e-05
ACGGGAACTAT,0.0,0.0,1.8789575543488474e-05
AAAGAGGCAGC,0.0,0.0,1.8789575543488474e-05
GCAGGAAAAGT,0.0,0.0,1.8789575543488474e-05
AGATGTCGGAG,0.0,0.0,1.8789575543488474e-05
ACCTGTAGATA,0.0,0.0,1.8789575543488474e-05
AACGTGACAAA,0.0,0.0,1.8789575543488474e-05
GCGGGGCCTAT,0.0,0.0,1.8789575543488474e-05
ATTGCGCCCAC,0.0,0.0,1.8789575543488474e-05
ATGGTAGCCCG,0.0,0.0,1.8789575543488474e-05
AAGGACACAAT,0.0,0.0,1.8789575543488474e-05
ATTGGCCCCCA,0.0,0.0,1.8789575543488474e-05
ATAGTTACAAC,0.0,0.0,1.8789575543488474e-05
ATTGCAGCCAC,0.0,0.0,1.8789575543488474e-05
AATGAGCCACC,0.0,0.0,1.8789575543488474e-05
ACAGCTTCTGG,0.0,0.0,1.8789575543488474e-05
AATGACGCTGT,0.0,0.0,1.8789575543488474e-05
AACGTAACTCG,0.0,0.0,1.8789575543488474e-05
ATGGACACGGC,0.0,0.0,1.8789575543488474e-05
AACGAGCCCTT,0.0,0.0,1.8789575543488474e-05
AAAATAACACA,0.0,0.0,1.8789575543488474e-05
ACCGCCTCTAT,0.0,0.0,1.8789575543488474e-05
AGGGCTTCCAT,0.0,0.0,1.8789575543488474e-05
ATCGAAACAGT,0.0,0.0,1.8789575543488474e-05
ATAGGGGCGTA,0.0,0.0,1.8789575543488474e-05
ATGGGTTCCAC,0.0,0.0,1.8789575543488474e-05
ATTCCCCCACA,0.0,0.0,1.8789575543488474e-05
ATGGACAGGGA,0.0,0.0,1.8789575543488474e-05
AAAGCAACTCT,0.0,0.0,1.8789575543488474e-05
ATAGATCCCGC,0.0,0.0,1.8789575543488474e-05
AGAGATACCCG,0.0,0.0,1.8789575543488474e-05
ATAGGTTCTCT,0.0,0.0,1.8789575543488474e-05
ACTGGCACCGT,0.0,0.0,1.8789575543488474e-05
AATGCAACTAA,0.0,0.0,1.8789575543488474e-05
ACGGTAACGAC,0.0,0.0,1.8789575543488474e-05
AATGGCTCTCG,0.0,0.0,1.8789575543488474e-05
ATAGCTTCTCT,0.0,0.0,1.8789575543488474e-05
AGGGAGACGCT,0.0,0.0,1.8789575543488474e-05
AGCGCGCCGCG,0.0,0.0,1.8789575543488474e-05
ACGCGTGCAGG,0.0,0.0,1.8789575543488474e-05
ATACGTACAGA,0.0,0.0,1.8789575543488474e-05
AATGAACCCGT,0.0,0.0,1.8789575543488474e-05
AATCCTTCTTT,0.0,0.0,1.8789575543488474e-05
ATACCTACCAC,0.0,0.0,1.8789575543488474e-05
ACGGAAGCAAG,0.0,0.0,1.8789575543488474e-05
ACATGTTCTTG,0.0,0.0,1.8789575543488474e-05
AACGCAGCTAC,0.0,0.0,1.8789575543488474e-05
ATAGATCTCGA,0.0,0.0,1.8789575543488474e-05
AGAGGGTCAAT,0.0,0.0,1.8789575543488474e-05
AAAGGTCCTCC,0.0,0.0,1.8789575543488474e-05
ACTGACACTCT,0.0,0.0,1.8789575543488474e-05
ACACGGCTCAG,0.0,0.0,1.8789575543488474e-05
CTGGAGCCATT,0.0,0.0,1.8789575543488474e-05
ATTGCGTCAAC,0.0,0.0,1.8789575543488474e-05
ATGGCATCACA,0.0,0.0,1.8789575543488474e-05
AACGGATCGGG,0.0,0.0,1.8789575543488474e-05
AAAGGCACAAG,0.0,0.0,1.8789575543488474e-05
ATGGCCGCACA,0.0,0.0,1.8789575543488474e-05
AAAGCACCTTA,0.0,0.0,1.8789575543488474e-05
ATAGTTTCTTC,0.0,0.0,1.8789575543488474e-05
AAAGACGAGTC,0.0,0.0,1.8789575543488474e-05
AAACCCCCATT,0.0,0.0,1.8789575543488474e-05
__GTGTTCAGC,0.0,0.0,1.8789575543488474e-05
ACCGTAGCTTG,0.0,0.0,1.8789575543488474e-05
AAAGCCCCATT,0.0,0.0,1.8789575543488474e-05
ACCACACCCGT,0.0,0.0,1.8789575543488474e-05
AAAGAACCGTT,0.0,0.0,1.8789575543488474e-05
AACGCTTCACC,0.0,0.0,1.8789575543488474e-05
AACACTTCACT,0.0,0.0,1.8789575543488474e-05
AACGCTTCGCG,0.0,0.0,1.8789575543488474e-05
TG_GAAGAG__,0.0,0.0,1.8789575543488474e-05
ACTGTGTGCAG,0.0,0.0,1.8789575543488474e-05
AAAGCTTCACT,0.0,0.0,1.8789575543488474e-05
AAACGGTTCAG,0.0,0.0,1.8789575543488474e-05
ATAGAAACCGG,0.0,0.0,1.8789575543488474e-05
AGACTGTCAAT,0.0,0.0,1.8789575543488474e-05
ACCGCGACTAC,0.0,0.0,1.8789575543488474e-05
AGTGCACCTGC,0.0,0.0,1.8789575543488474e-05
ACTGCAACTGC,0.0,0.0,1.8789575543488474e-05
AAAGAGTCAGG,0.0,0.0,1.8789575543488474e-05
ATTGAGTCCAC,0.0,0.0,1.8789575543488474e-05
ATAGTTTATCT,0.0,0.0,1.8789575543488474e-05
AATGGATACAA,0.0,0.0,1.8789575543488474e-05
ATTGCGTCCAA,0.0,0.0,1.8789575543488474e-05
AACGATCCCCT,0.0,0.0,1.8789575543488474e-05
ACCGCGCCCGT,0.0,0.0,1.8789575543488474e-05
AAAGCGCCGCA,0.0,0.0,1.8789575543488474e-05
AATTGATCCAA,0.0,0.0,1.8789575543488474e-05
ATTGAGTCAAC,0.0,0.0,1.8789575543488474e-05
ATGGACACGGT,0.0,0.0,1.8789575543488474e-05
AAAGGCGCCAC,0.0,0.0,1.8789575543488474e-05
AAAGCAGAAAA,0.0,0.0,1.8789575543488474e-05
ATAGAAAAGGA,0.0,0.0,1.8789575543488474e-05
AGAGATTCAAA,0.0,0.0,1.8789575543488474e-05
ACCTCCTCTGA,0.0,0.0,1.8789575543488474e-05
ATGGTGTCTAA,0.0,0.0,1.8789575543488474e-05
AACCATCCTCT,0.0,0.0,1.8789575543488474e-05
AAGGGACCAAT,0.0,0.0,1.8789575543488474e-05
ACGGGTGCAGG,0.0,0.0,1.8789575543488474e-05
ATGGACATGGT,0.0,0.0,1.8789575543488474e-05
ATCGGTTCAGT,0.0,0.0,1.8789575543488474e-05
CGAGGGCCGAG,0.0,0.0,1.8789575543488474e-05
GTTGCGTCCAC,0.0,0.0,1.8789575543488474e-05
GCGGGACCTAT,0.0,0.0,1.8789575543488474e-05
ATTGCGTCCCC,0.0,0.0,1.8789575543488474e-05
AAAGACGCGCC,0.0,0.0,1.8789575543488474e-05
AATGCCTCTTG,0.0,0.0,1.8789575543488474e-05
AACGGTTCCAT,0.0,0.0,1.8789575543488474e-05
AAAGCATCTAT,0.0,0.0,1.8789575543488474e-05
AAGGCTGCTGG,0.0,0.0,1.8789575543488474e-05
AAAGTTACACC,0.0,0.0,1.8789575543488474e-05
AATGAGACACC,0.0,0.0,1.8789575543488474e-05
ATAGTTACTCC,0.0,0.0,1.8789575543488474e-05
ACTGTACCCAA,0.0,0.0,1.8789575543488474e-05
ACGTTTACTCA,0.0,0.0,1.8789575543488474e-05
AGAGTTAAGAA,0.0,0.0,1.8789575543488474e-05
AGTGAGAAGAT,0.0,0.0,1.8789575543488474e-05
ATGGAGACATT,0.0,0.0,1.8789575543488474e-05
AGAGATTCTAA,0.0,0.0,1.8789575543488474e-05
ATAGCTACCAA,0.0,0.0,1.8789575543488474e-05
ATGGATACGGA,0.0,0.0,1.8789575543488474e-05
ACCGCAGCCGA,0.0,0.0,1.8789575543488474e-05
ATGGGTGCCAA,0.0,0.0,1.8789575543488474e-05
AGTTAAACGGC,0.0,0.0,1.8789575543488474e-05
AATGCCTCCTT,0.0,0.0,1.8789575543488474e-05
AGTGCTTCACT,0.0,0.0,1.8789575543488474e-05
AGAGATACCCT,0.0,0.0,1.8789575543488474e-05
AACGCTACCAC,0.0,0.0,1.8789575543488474e-05
AGGGACACGGA,0.0,0.0,1.8789575543488474e-05
AAATATGCGAT,0.0,0.0,1.8789575543488474e-05
AGTTCTTCATC,0.0,0.0,1.8789575543488474e-05
ATAGTGACTGA,0.0,0.0,1.8789575543488474e-05
ACAGCCACTTA,0.0,0.0,1.8789575543488474e-05
AGGGCGCGGAG,0.0,0.0,1.8789575543488474e-05
ATTAGGCGCGA,0.0,0.0,1.8789575543488474e-05
GAGGGGACCGT,0.0,0.0,1.8789575543488474e-05
TGTGGGCCATT,0.0,0.0,1.8789575543488474e-05
CCTTTACCTAT,0.0,0.0,1.8789575543488474e-05
TTCTCTCCTGG,0.0,0.0,1.8789575543488474e-05
