barcode,0,2,7
AATGGCACAAT,0.29912090858598434,0.3566092142342224,0.19846852461935713
ACAGTTTCTGG,0.020646199222415874,0.007667606003014614,0.0024930994568604756
ACGGTATCTAA,0.015187788481795722,0.0,0.006114029620395928
AACGGATCGTG,0.014555761974987072,0.0001310701880857199,0.00011871902175526073
AACGCTTCACT,0.014019497060119127,0.009240448260043253,0.001780785326328911
ATAGTTACCCC,0.013061881140712083,0.005930926010878825,0.0034725313863413765
ACCGAATCTTG,0.01275544404650183,0.00019660528212857986,0.04713145163683851
AAGGGCCCAAT,0.012506463907455998,0.0,0.0015433472828183896
ATTGCGTCCAC,0.012353245360350871,0.011632479192607641,0.0039177277179236044
AATGATCCGCT,0.010974278436404727,0.00019660528212857986,0.0
AGAGCGCCGAG,0.00909735123436692,0.005177272429385936,0.009913038316564272
AAAGACGCGTC,0.007756688947197058,0.007077790156628874,0.004451963315822278
ACTGTACCAAA,0.007124662440388409,0.005537715446621666,0.0028195767666874426
AGCGACCCACC,0.007048053166835846,0.0,0.0
ACAGGCGCCAA,0.006856529982954437,0.0,0.0
AGGGAGACGAT,0.006511788251967901,0.0032112196081001375,0.00721218057163209
ATCGTATCAAG,0.006262808112922069,0.0017039124451143587,0.0
ACTGCAGCCAT,0.005669086242889702,6.553509404285995e-05,0.0008310331522868252
ATAGTTGCCAT,0.005649933924501561,0.0041287109247001765,0.0
ATGGCAACGCG,0.005171125964798039,0.0,0.0
ACAGGTACCTA,0.005017907417692912,0.0,0.0
ACTGCATCAGC,0.004998755099304771,0.0,0.0
AGTGCTGCAGT,0.004922145825752207,0.0,0.0
ACGGCACCAAG,0.004864688870587785,0.0,0.0
ACAGAACCCTT,0.004730622641870798,0.0021954256504358085,0.0
ATTGAGCCACT,0.004673165686706376,0.0,0.0
AACGTAACGTG,0.004596556413153812,0.006520741857264565,0.0043926038049446475
AACGCTGCAAA,0.00455825177637753,0.0,0.0
AAAGAGACGCG,0.004500794821213108,0.0,0.0
ACCGTATTGTT,0.0044624901844368264,0.0,0.0
AATGCGCCTAA,0.004309271637331699,0.0,0.0
AATGGGCCCTG,0.004290119318943558,0.0,0.0
AGAGGATCTCA,0.004270967000555417,0.0001310701880857199,0.0
AATGCTCCCCA,0.004270967000555417,0.0,0.0
AATGAACCATT,0.004251814682167276,0.0,0.0
ATCGTATCCAA,0.004213510045390995,0.0,0.0
ATGGAAACATA,0.004175205408614713,0.0,0.0013355889947466832
ACAGACTCGTT,0.004079443816674008,0.0,0.0
AAGGCAACTAA,0.004021986861509586,0.0,0.0
ATGGCCACGGT,0.0039645299063451635,0.0033750573432072876,0.015225714540112189
ATAGATTCCAT,0.0038304636776281768,0.003047381872992988,0.0
AGTGATTCTGG,0.003811311359240036,0.0,0.0
AACGAGTCGGG,0.003811311359240036,0.0,0.0008310331522868252
ACAGTAACTAA,0.0037730067224637544,0.008683399960678944,0.000652954619653934
ACTGCCCCCAA,0.003696397448911191,0.002949079231928698,0.002136942391594693
AATGCCACTAT,0.0036580928121349087,6.553509404285995e-05,0.0
AAAGGCGCTCA,0.003638940493746768,0.0,0.0
AATGCTACCGT,0.003619788175358627,0.0,0.0
AACGTGTCCTC,0.0035814835385823453,0.0021626581034143782,0.045142908022437894
ACTGAATCCAA,0.0035814835385823453,0.004259781112785897,0.006766984240049862
AATGACTCAAA,0.0034091126730890773,0.0,0.0
ATAGATCCCGA,0.0033708080363127955,0.004521921488957336,0.0017511055708900958
AACGAACCAAG,0.0033708080363127955,0.0024247984795858183,0.0055204345116196245
AGGGTCACGTA,0.003332503399536514,0.0008519562225571794,0.0046003620930163535
AGTGTTTCCAA,0.003313351081148373,0.0,0.0
ACTGGAACTGA,0.003313351081148373,0.0,0.0
ACTGGTACCCG,0.0032750464443720914,0.0,0.0
ACTGTAACGAG,0.003179284852431387,0.0,0.0
AAGGATACTAG,0.003140980215655105,0.0,0.002255661413349954
AACGATCCACT,0.0031026755788788234,0.01517137427092208,0.004541002582138723
AAAGCACCATA,0.0031026755788788234,0.002949079231928698,0.0028492565221262577
AACGAACCTAG,0.0030835232604906823,0.0,0.0
AAAGTTACCCT,0.0030452186237144006,0.0001310701880857199,0.0
AACGACTCTAC,0.002968609350161837,0.0,0.0
AACGTTACGTA,0.0029303047133855554,0.0,5.9359510877630366e-05
AGAGCCCCAGC,0.0029303047133855554,0.0,0.0
ACAGAAT_CAT,0.002853695439832992,0.0022937282915000985,0.0035022111417801916
ACTGAATCACT,0.002853695439832992,0.0,0.0
AGTGCTGCCAA,0.002796238484668569,0.0005898158463857395,0.0010091116849197162
ATTGTTTCT__,0.0027770861662804285,0.0024903335736286784,0.005965630843201852
AGAGTGTCAAT,0.0027579338478922874,6.553509404285995e-05,0.0
ACCGAGACTAC,0.0027387815295041463,0.0,0.00011871902175526073
AGTGACGCACA,0.0027387815295041463,0.0,0.0
ATAGATCCACG,0.002643019937563442,6.553509404285995e-05,0.0
AAGGACACATA,0.002623867619175301,0.0,0.0
AAAGTTACACA,0.002623867619175301,0.0037027328134215873,0.0015730270382572048
ATAGTTACGTA,0.0026047153007871604,0.0,0.0
AGGGCCACATT,0.0025664106640108787,6.553509404285995e-05,0.0
ATGGCTACCAC,0.0025281060272345965,0.0057670882757716755,0.0
ATCGCACCCTA,0.002508953708846456,0.0,0.0
ACTGTATCACA,0.002489801390458315,6.553509404285995e-05,0.0
ACGGATGCCGA,0.002451496753682033,0.0022937282915000985,0.0
AATGCCGCTTC,0.002451496753682033,0.0,0.0
AACGATGCTGG,0.0024131921169057513,0.0,0.0
ATAGCAACTCT,0.0024131921169057513,0.006029228651943115,0.0024930994568604756
AATGACACTAT,0.0023940397985176107,0.0,0.0
AAAGTGACACT,0.0023748874801294696,6.553509404285995e-05,0.0
ATGGCGCCATT,0.002298278206576906,0.0,0.0
AAAGCGGCCTG,0.0022599735698006244,0.0,0.0
ATAGTGTCATT,0.0022599735698006244,0.0019660528212857987,0.0
ACCGTAACACA,0.0022408212514124833,6.553509404285995e-05,0.0
AAGGCATCTAA,0.0022408212514124833,0.0,0.0
AGAGTCTCCAG,0.0022216689330243427,0.0,0.0
AGTGCATCGTC,0.0022216689330243427,0.0,0.0
AAAGCCTCAAA,0.0022216689330243427,0.0,0.0
ATAGCTGCGTG,0.0022025166146362016,0.0,0.0
AACGACGCTGC,0.002183364296248061,0.0,0.001305909239307868
AGGGTAGCACT,0.00216421197785992,0.0,0.0
ATGGCAACACA,0.00216421197785992,0.0,0.0005935951087763036
AATGACACCAT,0.002145059659471779,0.0,0.0
ATTGATGCACT,0.002145059659471779,0.0,0.0
ACCGACTCTAT,0.002145059659471779,0.0,0.0
ATTGGCCCACA,0.002145059659471779,0.0,0.0
ATAGTGACTCT,0.0021067550226954975,0.0,0.0
AAAGTCGCGTG,0.0021067550226954975,0.0,0.0
AGCGCCCCAAG,0.0020876027043073564,0.0,0.0
ATGGAGACGTG,0.0020876027043073564,0.0,0.0
AACGGTCCACA,0.0020684503859192153,0.0,0.0
AATGAAACTCC,0.0020684503859192153,0.0011140965987286192,0.0005342355978986733
ACTGGTACAGT,0.0020684503859192153,0.0001310701880857199,0.003027335054759149
ATAGTCCCCCC,0.0020492980675310747,0.0,0.0
ACGGTTACTCA,0.0020301457491429336,0.009961334294514713,0.006024990354079483
ACTGTTGCCAG,0.002010993430754793,6.553509404285995e-05,0.0
ATAGCCACTCA,0.002010993430754793,0.0,0.0
AACGTAACGGG,0.002010993430754793,0.0004259781112785897,0.0031163743210755944
ATCGCAGCTCC,0.001991841112366652,0.0,0.0
AACGGTTCGAT,0.001991841112366652,0.0,0.0
AACGCCTCTAT,0.001991841112366652,0.0,0.0
ATAGTTTCTCT,0.001991841112366652,0.0023264958385215283,0.0019588638589618022
AATGAGCCTGA,0.001991841112366652,0.0,5.9359510877630366e-05
ACCGTTGCTCA,0.001991841112366652,0.0,0.0015433472828183896
AATGCAACTTA,0.00195353647559037,0.0009830264106428994,0.0
ATCGGACCTCA,0.0019343841572022292,0.0,0.0
ATTGACTCTCT,0.0019343841572022292,0.0,0.0
AATGTCACAAA,0.0019343841572022292,0.0,0.0
AAAGGCCCGAA,0.0019152318388140884,6.553509404285995e-05,0.0
AACGAGTCGCT,0.0019152318388140884,0.0,0.0
ATGGTCCCCGT,0.0018960795204259475,0.0,0.0
ACTGACACTGT,0.0018960795204259475,0.0035061275312930074,5.9359510877630366e-05
AAAGTCGCTAT,0.0018960795204259475,0.0002621403761714398,0.0012465497284302378
AA_GAAGAG__,0.0018769272020378066,0.010223474670686152,0.0
ATTGGCCCCAG,0.0018577748836496658,0.0,0.0
AGGGGAACGAA,0.001819470246873384,0.0,0.0
ACTGACCCGAT,0.0018003179284852432,0.0024247984795858183,0.0007123141305315644
AAAGAAACCTA,0.0018003179284852432,0.0,0.0
AACGGCCCAAC,0.0018003179284852432,0.0,0.0
ACTGACCCTAT,0.0018003179284852432,0.0018349826332000787,0.0
ACTAAGCCCGG,0.0017620132917089614,0.0,0.0
ATCGAAACGAA,0.0017620132917089614,0.0,0.0
ATTGAATCACA,0.0017620132917089614,0.0,0.0
ACCGCTGCTTG,0.0017428609733208206,0.0,0.0004155165761434126
ACCGACTCTGA,0.0017237086549326795,0.0,0.0
AAAGAAACTCA,0.0017045563365445386,0.0,0.0
ACAGTTGCTCA,0.0016854040181563978,0.0,0.0
ATAGCATCTTG,0.0016854040181563978,0.0,0.0
AAAGTTGCATC,0.0016854040181563978,6.553509404285995e-05,0.0
AATGTGGCTCT,0.0016854040181563978,0.0,0.0
AAAGCACCGAC,0.001666251699768257,0.0,0.0
ATAGTTACGAA,0.001666251699768257,0.0,0.00047487608702104293
ATGGTCGCTAA,0.001666251699768257,0.0,0.0
AGAGAATCGAC,0.001647099381380116,0.0,0.0
AAAGAGCCAGT,0.001647099381380116,0.0016056098040500687,0.0
ATAGGGTCTCA,0.0016279470629919752,0.0,0.0
ATAGGTACATG,0.0016087947446038343,6.553509404285995e-05,0.0
AAAGGGCCGTT,0.0015896424262156934,0.0,0.0
AAAGATACTGT,0.0015896424262156934,3.276754702142998e-05,0.0
AAGGAACCCCC,0.0015704901078275526,0.0016711448980929289,0.0
ATA_GTACAGC,0.00151303315266313,0.0012451667868143392,0.002136942391594693
AAAGTCCCTCT,0.0014938808342749889,0.0,0.0
AGCGCTGCTAG,0.0014938808342749889,0.002457566026607248,0.0010684711957973465
AGAGTGACTGT,0.001474728515886848,0.06366734386263845,0.026355622829667885
AATGCAACCAT,0.001474728515886848,0.0,0.0013949485056243137
ATGGTGGCCCG,0.0014555761974987072,0.0,0.0
ACTGAGACCCA,0.0014172715607224254,0.0,0.0
AAAGAAACGTT,0.0013789669239461437,0.0006553509404285995,0.0010091116849197162
ATTGTACCTTG,0.0013789669239461437,0.0034078248902287174,0.0
ACAGCAGCATT,0.0013789669239461437,0.0,0.0
AGGGTTTCGTT,0.001340662287169862,0.0,0.0
ATGGGTGCCAC,0.001340662287169862,6.553509404285995e-05,5.9359510877630366e-05
ATTGAAACGAA,0.001340662287169862,0.0,0.0
ATAGCTGCAAG,0.0013023576503935802,0.0008847237695786093,0.0011871902175526073
AATGGAGCCGT,0.0013023576503935802,0.0,0.0
AATGCATCCAA,0.0012640530136172983,0.0,0.0
AACGAGGCGTA,0.0012640530136172983,0.0,0.0008310331522868252
ACGGTTTCTAA,0.0012449006952291574,0.0019332852742643687,0.0028195767666874426
ACGGAGCCATT,0.0012257483768410165,0.003899338095550167,0.0
AACGTCACTTA,0.0012257483768410165,0.0,0.0
ATCGAGCCGAA,0.0011874437400647348,0.0008519562225571794,0.0005342355978986733
ACTGACACACT,0.0011874437400647348,0.0,0.0014839877719407591
ACTGTGTCTAG,0.0011874437400647348,0.009174913166000394,0.0036209301635354526
AAAGCTCCTAA,0.001168291421676594,0.0,0.0005935951087763036
AAGGTAGCATT,0.0011108344665121713,0.0002621403761714398,0.0
ATAGGTCCTAG,0.0011108344665121713,0.0,0.0
AGCGTATCATT,0.0010725298297358896,0.0005898158463857395,0.0011871902175526073
AAAGACTCAAA,0.0010342251929596077,0.0,0.0012465497284302378
ATGGCTTCCTG,0.0010342251929596077,0.0,0.0
ACAGCTGCTCA,0.0010150728745714668,6.553509404285995e-05,0.0
ACATCATTTAA,0.0010150728745714668,0.0,0.0
ACGGTATCCAA,0.000995920556183326,0.001179631692771479,0.002552458967738106
AAGGCGACATG,0.0009576159194070442,0.0017039124451143587,0.0013652687501854986
ATAGAAGCTAA,0.0009576159194070442,0.0,0.0
AAGGCTCCCTG,0.0009384636010189033,0.0,0.0
AAAGAGGCATC,0.0009193112826307625,0.0019660528212857987,0.0018698245926453566
AGTGACGCGAA,0.0009001589642426216,0.002850776590864408,0.001127830706674977
AACGCATCACG,0.0008810066458544807,0.0022281931974572383,0.002908616033003888
AACGACTCGGG,0.0008618543274663397,0.0002621403761714398,0.004451963315822278
ACGGATTCCCA,0.0008427020090781989,0.0001310701880857199,0.0005342355978986733
AATGTCACCAA,0.000823549690690058,0.0007208860344714594,0.0023150209242275843
ACTGGCACATT,0.0008043973723019171,0.0008191886755357494,0.0005935951087763036
AAGGACACAAG,0.0007852450539137763,0.0001310701880857199,0.0
AATGCTACGGT,0.0007852450539137763,0.0001310701880857199,0.0014246282610631288
AGTGGAACTCT,0.0007660927355256354,0.00019660528212857986,0.000652954619653934
AACGATACTGT,0.0007660927355256354,0.0003932105642571597,0.0
AAAGTTACGCC,0.0007660927355256354,0.002260960744478668,0.0008903926631644555
AATGATACCAA,0.0007277880987493536,6.553509404285995e-05,0.00011871902175526073
ACCGGGGCAGG,0.0006894834619730718,0.0007208860344714594,5.9359510877630366e-05
ACCGATACGCC,0.000670331143584931,0.00019660528212857986,0.0
AATGTGTCCTC,0.0006511788251967901,0.0006553509404285995,0.0013652687501854986
AAAGAAGCGTC,0.0006320265068086491,6.553509404285995e-05,5.9359510877630366e-05
AACGAATCACC,0.0006320265068086491,0.0003932105642571597,5.9359510877630366e-05
ACGGTCTCCAT,0.0006320265068086491,0.0,0.0
AAAGTAACCTT,0.0006128741884205083,0.004423618847893046,0.0012465497284302378
AGGGTTGCAG_,0.0006128741884205083,0.0,0.0
ACTGCCGCAAC,0.0006128741884205083,0.001179631692771479,0.0010091116849197162
ATAGCTACAAT,0.0006128741884205083,0.0004587456583000197,0.0
AATGATACATC,0.0006128741884205083,0.0,0.0
AGAGTTTCTTT,0.0006128741884205083,0.0,0.0
AGTGTACCCGG,0.0005937218700323674,0.0,0.0
ATAGTACCAAC,0.0005745695516442265,6.553509404285995e-05,0.0
ATAGGTACGAT,0.0005745695516442265,0.0,0.001780785326328911
AACGTAACGAT,0.0005554172332560857,6.553509404285995e-05,0.0
ATTGAGACGTT,0.0005554172332560857,0.0002621403761714398,0.0
AATGCTACTCG,0.0005362649148679448,0.0,0.0
AAGGTTACTTA,0.000497960278091663,0.009633658824300412,0.08752559878906598
AAAGAAACGCT,0.000497960278091663,0.0004587456583000197,0.0011871902175526073
AACGAGACTCC,0.000497960278091663,0.0,0.0
AGAGTGCCCCA,0.000497960278091663,0.0,0.0
ACAGAGCCTAC,0.000497960278091663,0.0,0.0
ATGGTCACCCT,0.000497960278091663,0.0010813290517071891,5.9359510877630366e-05
ATAGGTCCTTA,0.000497960278091663,0.0001310701880857199,0.0009497521740420859
AATGCTACATA,0.000497960278091663,0.0019660528212857987,0.00080135339684801
AGAGAAACGAA,0.0004788079597035221,0.00032767547021429977,0.003739649185290713
ACAGGCTCATT,0.00045965564131538123,0.00019660528212857986,5.9359510877630366e-05
ACAGTGTCTAG,0.00045965564131538123,0.0004587456583000197,0.0
ACAGCTACGTT,0.00045965564131538123,6.553509404285995e-05,0.0
ATCGCAACCCC,0.00042135100453909944,0.0003604430172357297,0.0017511055708900958
ATGGGGTCTAA,0.00042135100453909944,0.0008847237695786093,0.0018104650817677263
AGCGACCCAAA,0.00042135100453909944,6.553509404285995e-05,0.0
ATGGCATCCTG,0.00042135100453909944,0.0005242807523428796,0.001632386549134835
ACAGTTCCCTT,0.00042135100453909944,0.0007864211285143195,0.00011871902175526073
ATAGAATCCTA,0.00042135100453909944,0.0,0.0
AGAGACACATT,0.0003830463677628177,6.553509404285995e-05,0.0024930994568604756
ATTGCCACAGA,0.0003830463677628177,0.0011140965987286192,5.9359510877630366e-05
ATAGACCCGGA,0.0003830463677628177,0.0002621403761714398,0.0
AACGAAGCCCG,0.0003830463677628177,0.0,0.0
ATAGTATCCGA,0.0003830463677628177,0.0,0.001127830706674977
AAAGGGTCAG_,0.0003830463677628177,0.0001310701880857199,0.0007716736414091948
AGAGACTCGGG,0.0003830463677628177,0.0,0.0
AAAGGGGCCTC,0.0003830463677628177,0.0,0.0
AATGTTTCGTA,0.0003638940493746768,0.00019660528212857986,0.0001780785326328911
ACCGAATCACG,0.0003638940493746768,0.0,0.0
AACGAGTCCCT,0.0003447417309865359,0.0,0.0
ACAGATGCAAA,0.0003447417309865359,0.0,0.0
ATTGTGCCCAC,0.0003447417309865359,0.0002621403761714398,0.0
ATCGAGTCGCC,0.0003447417309865359,0.0006225833934071696,0.001632386549134835
ACTGCCTCAAG,0.0003447417309865359,0.00019660528212857986,0.0
AGAGAAGCAGA,0.0003447417309865359,0.0,0.0
ATCGAAACTGG,0.0003447417309865359,0.00019660528212857986,0.0
ACAGTAACCTG,0.0003447417309865359,0.0,0.0
AAAGACGCTGT,0.0003447417309865359,0.0015073071629857788,0.001929184103522987
ACGGGCGCTTG,0.0003447417309865359,0.0,0.0
ATAGATTCCCA,0.0003447417309865359,0.0,0.0
ATCAATGCTCA,0.0003447417309865359,0.0002621403761714398,0.0
ACTGAACCGCA,0.0003447417309865359,0.0,0.0
ACTGACTCAAG,0.0003447417309865359,0.0,0.0
AATGGACCGTC,0.00032558941259839505,0.0,0.000652954619653934
ACGGTCGCGCC,0.00032558941259839505,0.0,0.0
ACAGTAGCAAA,0.00032558941259839505,6.553509404285995e-05,0.0
AACGCCCCTTA,0.00030643709421025413,0.0,0.0
AAGGAAGCCTT,0.00030643709421025413,0.00019660528212857986,0.0
AAAGTTCCATA,0.00030643709421025413,0.00032767547021429977,0.0
AAGGCATCAGT,0.00030643709421025413,0.0,0.0
AAAGAAGCAAC,0.00030643709421025413,0.0,0.0
AAAGTCACCAA,0.00030643709421025413,0.0009174913166000394,0.0006232748642151189
ATCGCTTCTGA,0.00030643709421025413,6.553509404285995e-05,0.0
AACGTCCCCGA,0.00030643709421025413,0.0,0.0
ACCGAAGCAAT,0.00030643709421025413,6.553509404285995e-05,0.0
AGAGAGACCAA,0.00030643709421025413,0.0,0.0009497521740420859
ATAGATACGCA,0.0002681324574339724,0.0,0.0
AACGGAGCCTT,0.0002681324574339724,0.0005898158463857395,0.0007716736414091948
AAAGTGGCAAA,0.0002681324574339724,0.0,0.0014246282610631288
AACGCATCATG,0.0002681324574339724,6.553509404285995e-05,0.0
AGGGCAACCGT,0.0002681324574339724,0.0,0.0
AGAGCAACAAA,0.0002681324574339724,0.00019660528212857986,0.0
ACTGTCGCAAT,0.0002681324574339724,0.0,0.0
ACGGAAACAGT,0.0002681324574339724,0.0,0.0007123141305315644
ACAGGCTGCTC,0.0002681324574339724,0.0,0.0
ACAGATTCTGC,0.0002681324574339724,0.0,0.0
ACAGGAACTTA,0.0002681324574339724,0.0003932105642571597,0.00044519633158222774
AAAGTTACAAG,0.0002681324574339724,0.0002621403761714398,0.0
AAAGGCCCATT,0.0002681324574339724,0.00032767547021429977,0.0010091116849197162
ATCGCAACAAA,0.0002681324574339724,0.0018349826332000787,0.0012168699729914227
ACAGTAACGAA,0.0002681324574339724,0.00032767547021429977,0.0
ATGGTCACCTT,0.0002489801390458315,0.0001310701880857199,0.0
ACAGCGGCCTA,0.0002489801390458315,0.0,0.0
AATGGCACAAG,0.0002489801390458315,0.0003604430172357297,0.0002077582880717063
AGAGTTGCCTT,0.00022982782065769061,0.0,0.0016620663045736504
AATGCAGCGCC,0.00022982782065769061,0.00032767547021429977,0.0010684711957973465
AAAGGATCTGT,0.00022982782065769061,0.00019660528212857986,0.0
AACGA__CGAT,0.00022982782065769061,0.0009174913166000394,0.0010684711957973465
AAAGCTTCATG,0.00022982782065769061,0.0010485615046857593,0.0
ACTGAACCTGA,0.00022982782065769061,0.0001310701880857199,5.9359510877630366e-05
ATAGTGACCAC,0.00022982782065769061,0.002818009043842978,0.0005342355978986733
AATGTAACCGA,0.00022982782065769061,0.0,0.0
ACAGTAACCAC,0.00022982782065769061,6.553509404285995e-05,0.0
ACCGGTACGGA,0.00022982782065769061,0.0,0.0
ACTGACGCAAT,0.00022982782065769061,0.001179631692771479,0.0010684711957973465
AAGGATACCGG,0.00022982782065769061,6.553509404285995e-05,0.0003561570652657822
AATGCCTTGCA,0.00022982782065769061,0.0,0.0
AACGAGGCTCC,0.00022982782065769061,0.0,0.0
AACGACCCATA,0.00022982782065769061,0.00019660528212857986,0.011307986822188585
ATCGGCCCGAG,0.00021067550226954972,0.00029490792319286977,0.0011871902175526073
ACCGCGTCCAC,0.00021067550226954972,0.0006553509404285995,0.0
ACCGTCACAAC,0.00021067550226954972,0.0002621403761714398,0.0007419938859703796
ACAGCCACGGT,0.00021067550226954972,0.00019660528212857986,0.0008310331522868252
AACGTACCAAT,0.00019152318388140885,0.0,0.0
AGCGCCACAAC,0.00019152318388140885,0.0,0.0
AATGACTCAAT,0.00019152318388140885,0.0001310701880857199,0.0
ATCGCCTCAAT,0.00019152318388140885,0.0,0.0
AAAGTTGCAAA,0.00019152318388140885,6.553509404285995e-05,0.0
ACAGGAACAAA,0.00019152318388140885,6.553509404285995e-05,0.0
ACAGAGTCAGT,0.00019152318388140885,0.0,0.0
ACCGCACCCGT,0.00019152318388140885,6.553509404285995e-05,0.0
AATGCAACCGT,0.00019152318388140885,6.553509404285995e-05,0.0
ATTGGATCCAA,0.00019152318388140885,0.0,0.0
ACAGGGTCTCG,0.00019152318388140885,0.0001310701880857199,0.0
AAGGTGACACA,0.00019152318388140885,0.0,0.0
ACAGTACCTGG,0.00019152318388140885,0.0007208860344714594,0.0
ATAGGCACAAA,0.00019152318388140885,0.00019660528212857986,0.0
ACTGCGGCATC,0.00019152318388140885,0.0005570482993643096,0.0008903926631644555
AATGCAACCAA,0.00019152318388140885,0.0,0.0
AGTGATGCCTC,0.00019152318388140885,0.0,0.0
ATTGTGCCAGC,0.00019152318388140885,0.0002621403761714398,0.00011871902175526073
ACTGTGTTCAG,0.00019152318388140885,0.0007208860344714594,0.0019588638589618022
ACAGGGGCATG,0.00019152318388140885,0.0,0.0
ATAGTTACAGG,0.00019152318388140885,0.0,0.001780785326328911
AAAGAGTCCAA,0.00019152318388140885,0.0001310701880857199,0.0
ATAGCCACGCG,0.00019152318388140885,0.0,0.0
ACTGTTTCATG,0.00019152318388140885,0.0,0.0010091116849197162
AGGGGTACGAG,0.00019152318388140885,0.00032767547021429977,0.0
ATAGATACCAA,0.00019152318388140885,0.0,0.0
ACAGATTCGAA,0.00019152318388140885,0.0,0.0
AATGATTCAAA,0.00017237086549326796,3.276754702142998e-05,0.0
ACCGACGCTAG,0.00017237086549326796,0.0,0.0
ATCGAATCGAT,0.00017237086549326796,0.0001310701880857199,0.0009794319294809011
AATGGCCCGAT,0.00017237086549326796,0.0003932105642571597,0.0
AAGGCCCCCTT,0.00017237086549326796,0.00032767547021429977,5.9359510877630366e-05
ACAGACACTAA,0.00015321854710512707,0.0,0.0
ATGGTTCCATT,0.00015321854710512707,6.553509404285995e-05,0.0
ACAGCACCTAC,0.00015321854710512707,0.0,0.0
AAGGCCGCATG,0.00015321854710512707,0.0,0.0
AACGCCTCGAA,0.00015321854710512707,0.0001310701880857199,0.0
AAAGTTACATG,0.00015321854710512707,0.0,0.0
ATAGTAACATA,0.00015321854710512707,0.0,0.0
AAAGGGGCACA,0.00015321854710512707,0.0,0.0
AAGGAATCACA,0.00015321854710512707,0.0,0.0
ATC_GATCCTG,0.00015321854710512707,0.0,0.0
AAGGCTCCAGT,0.00015321854710512707,0.0007864211285143195,0.0
ATTGTGTCAAC,0.00015321854710512707,0.0,0.0
ATAGATACTCT,0.00015321854710512707,0.0,0.0
AGGGGTGCAAG,0.00015321854710512707,0.0,0.0
AGTGGTTCACG,0.00015321854710512707,0.0002621403761714398,0.0
ACCGTTGCAAA,0.00015321854710512707,0.0,0.0
AGGGCCCCCTG,0.00015321854710512707,0.0,0.0
AAAGCAACGTA,0.00015321854710512707,0.0,0.0007716736414091948
AAAGTAGCTAA,0.00015321854710512707,0.0002621403761714398,0.0
AAAACTAAGAT,0.00015321854710512707,0.0001310701880857199,0.0018401448372065414
AACGTCACAAA,0.00015321854710512707,6.553509404285995e-05,0.0
AGTGTTACCTA,0.00015321854710512707,0.0,0.0
ATAGATGCTGA,0.00015321854710512707,0.0,0.0
ATTGAGGC___,0.00015321854710512707,0.0,0.0
AACGTCGCCAA,0.00015321854710512707,0.0,0.0
ATGGGGGCAAA,0.00015321854710512707,0.0,0.0
ACTGCCCCCTA,0.00015321854710512707,0.0,0.0
AGGGTTCCGAA,0.0001340662287169862,0.0,0.0
AAGGATACGGT,0.0001340662287169862,0.0,0.0
AACGGTTCACA,0.00011491391032884531,0.0,0.0
AAAGTGCCGGA,0.00011491391032884531,0.0,0.0
AAAGCTCCATG,0.00011491391032884531,6.553509404285995e-05,0.0
ACGGTCGCGAT,0.00011491391032884531,0.0,0.0
ATCGTAGCACT,0.00011491391032884531,0.0,0.0
AAGGATCCCAT,0.00011491391032884531,0.0,0.0
AGAGCCACAAC,0.00011491391032884531,0.0,5.9359510877630366e-05
ACTGCAACCAA,0.00011491391032884531,6.553509404285995e-05,0.0023447006796663995
ACTGCAACAGT,0.00011491391032884531,0.0,0.0
ATCGACACACT,0.00011491391032884531,0.0,0.0
ATTGATTCTAT,0.00011491391032884531,0.0,0.0
AAGGTCGCGCG,0.00011491391032884531,0.0,0.0
ATTGGCCCTCC,0.00011491391032884531,0.00032767547021429977,0.0
ATTGCATCTCC,0.00011491391032884531,0.0,0.0
ACTGCCACGCA,0.00011491391032884531,0.0001310701880857199,0.0
AGTGGGTG___,0.00011491391032884531,0.0,0.0
ATGGAATCGCT,0.00011491391032884531,0.0,0.0
ATTGACTCGGA,0.00011491391032884531,0.0,0.0
AACGTGGCTGG,0.00011491391032884531,0.0,0.0
ATGGCTACCCA,0.00011491391032884531,0.0,0.0
ACTGGAACGGT,0.00011491391032884531,0.0,0.0
ACCGCTAATTT,0.00011491391032884531,0.0,0.0
ACTGCCGCTCT,0.00011491391032884531,0.0,0.0
ATAGAAG_CTG,0.00011491391032884531,6.553509404285995e-05,0.0
ATGGAGACATC,0.00011491391032884531,0.0001310701880857199,0.0
AACGGAGTGCT,0.00011491391032884531,0.0,0.0
AAGGGTGCTTG,0.00011491391032884531,0.0,0.0
ATAGCCACAAC,0.00011491391032884531,6.553509404285995e-05,0.0
AGTGACACAGA,0.00011491391032884531,0.0,0.0
ATAGAGCCTAA,0.00011491391032884531,6.553509404285995e-05,0.0007716736414091948
AGCGAGTCTCA,0.00011491391032884531,6.553509404285995e-05,0.0
AGTGAATCAAG,0.00011491391032884531,0.0033422897961858577,0.001127830706674977
ATCGTCCCTAA,0.00011491391032884531,6.553509404285995e-05,0.0007716736414091948
ATTGAGACGAT,0.00011491391032884531,0.0,0.0
ACAGTAACCCC,0.00011491391032884531,0.0,0.0
AGAGATTCGTA,0.00011491391032884531,0.0,0.0008310331522868252
AAGGCGCCTGA,0.00011491391032884531,0.0003932105642571597,0.0008310331522868252
AAGGGACCAAA,0.00011491391032884531,0.0,0.0
ATCGTAACACG,0.00011491391032884531,0.00019660528212857986,0.00044519633158222774
AGTTGTACAGC,0.00011491391032884531,0.0,0.0
ACGGCCTCTGC,0.00011491391032884531,0.0,0.0010091116849197162
ACCGATGCTCC,0.00011491391032884531,0.0,0.0
ACTGGTGCGTT,0.00011491391032884531,0.0,0.0
AAGGCCTCTGT,0.00011491391032884531,0.0001310701880857199,0.0
AATGCTGCGGG,0.00011491391032884531,0.0,0.0
ATCGGAGCCAA,0.00011491391032884531,6.553509404285995e-05,0.0
AATGAAGCTAA,9.576159194070443e-05,0.0,0.0
ATATATTG___,9.576159194070443e-05,0.0,2.9679755438815183e-05
ACGGACGCACC,9.576159194070443e-05,6.553509404285995e-05,0.0
AGTGCAACTAT,9.576159194070443e-05,0.0,0.0
AAGGCACCCAG,9.576159194070443e-05,0.002260960744478668,0.0
AAAGCGCCGAG,9.576159194070443e-05,0.0,0.0
AAAGGCACAAT,9.576159194070443e-05,3.276754702142998e-05,0.0
ATTGCGTCAGA,9.576159194070443e-05,6.553509404285995e-05,0.002255661413349954
AAGGCTACACT,7.660927355256353e-05,6.553509404285995e-05,0.0
AACGTAACAAG,7.660927355256353e-05,0.0,0.0
AAGGCCACCGT,7.660927355256353e-05,0.0,0.0
AATGCATCGGA,7.660927355256353e-05,6.553509404285995e-05,0.0
ACAGATTCCAC,7.660927355256353e-05,6.553509404285995e-05,0.0
AGAGAAGCAGC,7.660927355256353e-05,0.0,0.0007716736414091948
AATGGTACTGC,7.660927355256353e-05,0.0,0.0
AGTGCAACA__,7.660927355256353e-05,0.0,0.0031460540765144095
ATCGGGTCTAT,7.660927355256353e-05,0.0,0.0
AAAGATTCTGT,7.660927355256353e-05,0.0,0.0
ATAGATACCAG,7.660927355256353e-05,0.0,0.0
AACGGTACTG_,7.660927355256353e-05,0.0,0.0
AAAGGCACAAA,7.660927355256353e-05,0.0,0.0007123141305315644
AGAGTCACAAT,7.660927355256353e-05,0.0,0.0
AACGCGGCACT,7.660927355256353e-05,0.0,0.0001780785326328911
ACAGAGACCCA,7.660927355256353e-05,0.0,0.0
AACGGGACCCT,7.660927355256353e-05,0.0,0.0
AAAGGTACCAT,7.660927355256353e-05,0.0,0.0
ATAGGGTCATG,7.660927355256353e-05,0.0,0.0
AACGCCACGAT,7.660927355256353e-05,0.0001310701880857199,0.0
ATTGTGCCCCC,7.660927355256353e-05,0.0001310701880857199,0.0
ACTGGCACAAT,7.660927355256353e-05,0.0,0.0001780785326328911
ATTGACACACA,7.660927355256353e-05,0.0,0.0
ACAGCCTCACC,7.660927355256353e-05,0.0,0.0
AAAGAATCCTG,7.660927355256353e-05,0.00019660528212857986,0.0010091116849197162
AACGCTGCAAC,7.660927355256353e-05,6.553509404285995e-05,0.0
AAAGACACTTA,7.660927355256353e-05,0.0,0.0
ACGGTAACGAA,7.660927355256353e-05,0.0,0.0
ACAGAGGCTGA,7.660927355256353e-05,0.0,0.0
ATGGATTGTTC,7.660927355256353e-05,0.0,0.0
AACGACTCAAT,7.660927355256353e-05,0.0,0.0
AACGGCTCGGA,7.660927355256353e-05,0.0,0.0
AGAGGTTCCCT,7.660927355256353e-05,6.553509404285995e-05,0.0
AAAGAACCGGT,7.660927355256353e-05,6.553509404285995e-05,0.015196034784673374
AACGAAACCAA,7.660927355256353e-05,0.0,0.0
AAGGCCCCGTT,7.660927355256353e-05,0.0001310701880857199,0.0
AACGCCGCACC,7.660927355256353e-05,0.0,0.0
AACGCAACACC,7.660927355256353e-05,0.0,0.0
ACGGTGACATT,7.660927355256353e-05,6.553509404285995e-05,0.0
AATGATGCGCA,7.660927355256353e-05,0.00019660528212857986,5.9359510877630366e-05
ATTGTGATCAG,7.660927355256353e-05,0.0,0.0
AGAGCCCCCCA,7.660927355256353e-05,0.0,0.0009497521740420859
ATTGCGGCTGT,7.660927355256353e-05,0.0,0.00011871902175526073
AGCGATACGAC,7.660927355256353e-05,0.00019660528212857986,0.000652954619653934
AGAGAGACCTA,7.660927355256353e-05,0.0,0.0
ACGGCAACTTT,7.660927355256353e-05,0.0,0.0
AGCGGCACTGC,7.660927355256353e-05,0.0,0.0
AACGCTCCTGT,7.660927355256353e-05,0.0,0.0
ACTGCCTCTAG,7.660927355256353e-05,0.0,0.0
AAAGATCCGAA,7.660927355256353e-05,0.0,0.0
ATTGAACCTCT,7.660927355256353e-05,0.0,0.0
AGAGGACCTTT,7.660927355256353e-05,0.0,0.0
ATTGCAACAGT,7.660927355256353e-05,0.0,0.0
ATGGGATCAAA,7.660927355256353e-05,0.0,0.0
ATTGTATCGAT,7.660927355256353e-05,0.0001310701880857199,0.0
ATAGATTCAGC,7.660927355256353e-05,0.0,0.0
ACAGCAGCTAC,7.660927355256353e-05,0.0,0.0
ACAGGTCCTGA,7.660927355256353e-05,0.0,0.0
ACTGTCACTAT,7.660927355256353e-05,0.0,0.0
AAAGTTACAAA,7.660927355256353e-05,0.0,0.0005342355978986733
ATAGGCTCAAT,7.660927355256353e-05,0.0,0.0
ATCGTGACAAA,7.660927355256353e-05,0.0,0.0
AATGGGACGAA,7.660927355256353e-05,0.0,0.0
ACCGTCGCATA,7.660927355256353e-05,0.0,0.0
AATGTTCCTAG,7.660927355256353e-05,0.0,5.9359510877630366e-05
AAGGAACCCCA,7.660927355256353e-05,0.0,0.0
AGCGGAATGCC,7.660927355256353e-05,0.0,0.0
ATTGAACCAAC,7.660927355256353e-05,0.00032767547021429977,0.0007716736414091948
ATCGATCCCAG,7.660927355256353e-05,0.0,0.0
AATGGCACGAT,7.660927355256353e-05,6.553509404285995e-05,0.00011871902175526073
AATGGCACAGA,7.660927355256353e-05,0.0,0.0
AACGGAACTTA,7.660927355256353e-05,6.553509404285995e-05,0.0
AGTGTCTCAAC,7.660927355256353e-05,0.0,0.0
AGCGAATCAGT,7.660927355256353e-05,0.0,0.0
AAAGCACCAAA,7.660927355256353e-05,0.0,0.0
AAAGCAACCTA,7.660927355256353e-05,0.0,0.0
AGAGAAACCTA,7.660927355256353e-05,0.0,0.0
AAAGTAACGTG,7.660927355256353e-05,0.0,0.0
ATGGATACAGG,7.660927355256353e-05,0.0,0.0
ACAGCCTCTTT,7.660927355256353e-05,0.0,0.0
ACTGAAACTTG,7.660927355256353e-05,0.0,0.0024634197014216604
ACGGTATCGAA,7.660927355256353e-05,0.0,0.0
ATGGAGCCTCG,7.660927355256353e-05,0.0,0.0
ACAGCATCTAG,7.660927355256353e-05,0.0,0.0
ATTGCTCCAAT,7.660927355256353e-05,0.0,0.0
ACTGAAGCACA,7.660927355256353e-05,0.0004587456583000197,0.0
AGAGCTGCTAG,7.660927355256353e-05,0.0,0.0
AACGGCACAAT,7.660927355256353e-05,6.553509404285995e-05,0.0
AGGGCGTCCCT,7.660927355256353e-05,0.0,0.0
ACAGACACCAG,7.660927355256353e-05,0.0,0.0
AAAGAGACAAA,7.660927355256353e-05,0.0,0.0
ACCGAAACTCC,7.660927355256353e-05,0.0,0.0
ATTGTCCCTGA,7.660927355256353e-05,0.0001310701880857199,0.0
ACAGCAGCGGA,7.660927355256353e-05,0.0,0.0
AGGGGAGCTTT,7.660927355256353e-05,0.0002621403761714398,5.9359510877630366e-05
CAATTTTTGGC,7.660927355256353e-05,0.0,0.0
ATCGGGTTTTC,7.660927355256353e-05,0.0,0.0
AGCGAAACGCA,7.660927355256353e-05,0.0,0.0
AGGGTAACCGT,7.660927355256353e-05,0.0,0.0
AATGACCCCTG,7.660927355256353e-05,0.0,0.0
AATGTCCCAAA,7.660927355256353e-05,6.553509404285995e-05,0.0
ATGGTTACCAA,7.660927355256353e-05,0.0,0.0
AATGCATCATG,7.660927355256353e-05,0.0,0.0
AAAGTTTAG__,7.660927355256353e-05,6.553509404285995e-05,0.0
ACGGCCACCTA,7.660927355256353e-05,0.0,0.0
AAAGCCACGTA,7.660927355256353e-05,0.0,0.0
ACCGAAACTTT,5.7456955164422654e-05,0.0,0.0
ACCGAACCTTG,5.7456955164422654e-05,0.0,0.0
AGTGCATCTTC,5.7456955164422654e-05,0.0,0.0
AACGCTTCACC,5.7456955164422654e-05,0.0,0.0
ACAGAACCGAA,5.7456955164422654e-05,0.0,0.0
AAAGCTACTAA,5.7456955164422654e-05,0.0002621403761714398,0.0
AAGGGCACAAT,5.7456955164422654e-05,6.553509404285995e-05,0.0
AACGAACCGAG,5.7456955164422654e-05,0.0,0.0
AATGGCACAGT,5.7456955164422654e-05,9.830264106428993e-05,0.0
ACGGCCCCATG,5.7456955164422654e-05,0.0,0.0
AATGTGCCTTA,5.7456955164422654e-05,0.0,0.0
ACAGGACCACC,5.7456955164422654e-05,0.0,0.0
AATGGTACAAT,5.7456955164422654e-05,0.00016383773510714989,8.903926631644555e-05
ATATATACAGC,5.7456955164422654e-05,0.0,2.9679755438815183e-05
AATGACACAAT,5.7456955164422654e-05,6.553509404285995e-05,5.9359510877630366e-05
AGAGCATCGTA,3.830463677628177e-05,0.0,0.0
AAAGAGCCATA,3.830463677628177e-05,0.0019005177272429386,0.0
ACAGGGCCTCG,3.830463677628177e-05,0.0005898158463857395,0.0
ATAGCTGCTTG,3.830463677628177e-05,0.0,0.0
AAAGATACATC,3.830463677628177e-05,0.0001310701880857199,0.0
ATTGGCCCAAT,3.830463677628177e-05,0.0,0.0
AGCGGCTCATG,3.830463677628177e-05,0.0,0.0
AACGAATCAAT,3.830463677628177e-05,0.0,0.0
ACTGAGACAAC,3.830463677628177e-05,6.553509404285995e-05,0.0
AAGGCAACTAT,3.830463677628177e-05,0.0,0.0
ACAGGCGTCAA,3.830463677628177e-05,0.0,0.0
ACTGCTACATA,3.830463677628177e-05,0.0003932105642571597,5.9359510877630366e-05
AGCGTCTCTAA,3.830463677628177e-05,0.0,0.0
AACGAATTTTT,3.830463677628177e-05,0.0,0.0
ACCGTCACAGT,3.830463677628177e-05,0.0,0.0
AAGGCCACTCT,3.830463677628177e-05,0.0016383773510714988,0.0
AAAGAGACTCA,3.830463677628177e-05,0.0,0.0
AATGACACCTC,3.830463677628177e-05,6.553509404285995e-05,0.0
ACGGCTTCCTT,3.830463677628177e-05,0.0,0.0
ATGGACACTGG,3.830463677628177e-05,0.0,0.00011871902175526073
ACGGGGTCCTA,3.830463677628177e-05,0.0,0.0
AATGGAGCCTA,3.830463677628177e-05,0.0,0.0
AATGTTACCCT,3.830463677628177e-05,0.0,0.0
ATAGGAGCTAA,3.830463677628177e-05,0.0,0.0
AACGGGACTTC,3.830463677628177e-05,0.0,0.0
ACCGTATCCAA,3.830463677628177e-05,0.0,0.0
AACGTTACGAT,3.830463677628177e-05,0.0,0.0
ACGGTAACTGA,3.830463677628177e-05,0.0,0.0
AAAGAACCAAT,3.830463677628177e-05,0.0,0.0
AGCGTTACATG,3.830463677628177e-05,0.0,0.0
ATCGTGGCCAT,3.830463677628177e-05,0.0,0.0
AAATCG_TCAG,3.830463677628177e-05,0.0,0.0
ACAGTGGGTGT,3.830463677628177e-05,6.553509404285995e-05,0.0
ACCGGGCCGAT,3.830463677628177e-05,0.0,2.9679755438815183e-05
ACTGATACCAG,3.830463677628177e-05,0.0,0.0
ACAGTGACTCA,3.830463677628177e-05,0.0,0.0
ATTGAAACTAT,3.830463677628177e-05,0.0,0.0
ATAGTAACTGT,3.830463677628177e-05,0.0,0.0
AAGGGCCCTAT,3.830463677628177e-05,0.0,0.0
ACGGATGCCGT,3.830463677628177e-05,0.0,0.0
ACCGTTGCCAG,3.830463677628177e-05,0.0,0.0
AAGGGTACATT,3.830463677628177e-05,0.0,0.0
AAAGCTGCACA,3.830463677628177e-05,0.0,0.0
ATTGCATCTAA,3.830463677628177e-05,0.0,0.0
AACGCCACAAA,3.830463677628177e-05,0.0,0.0009794319294809011
AACGGTTAGAT,3.830463677628177e-05,0.0,0.0
ACCGGATCGTG,3.830463677628177e-05,0.0,0.0
AAAGGGACCAA,3.830463677628177e-05,0.0,0.0
AAAGGGCCGCA,3.830463677628177e-05,0.0,0.0
AAGGAAACCCG,3.830463677628177e-05,0.0,0.0
AAAGGCGCAAA,3.830463677628177e-05,0.0,0.0
AGAGGTGCAGT,3.830463677628177e-05,0.0,0.0
AGGGAGGCCAG,3.830463677628177e-05,0.0,0.0
AAAGCGACTAC,3.830463677628177e-05,0.0,0.0
AGAGATACGCA,3.830463677628177e-05,6.553509404285995e-05,0.0
ATAGAAACAAC,3.830463677628177e-05,0.0,0.0
ACTGCCACAAA,3.830463677628177e-05,0.0,0.0
AATGTTACCGA,3.830463677628177e-05,0.0005898158463857395,0.002552458967738106
ACCGGAACTGA,3.830463677628177e-05,0.0,0.0
AATGGACCACT,3.830463677628177e-05,0.0,0.0
ATAGAACCTGA,3.830463677628177e-05,0.0,0.0
ATTGTTACATG,3.830463677628177e-05,0.0,0.0
AATGCCTCATG,3.830463677628177e-05,0.0,0.0
AAAGTAACTCC,3.830463677628177e-05,0.0,0.0
ACTGTAACGGT,3.830463677628177e-05,6.553509404285995e-05,0.0
ATTGTTTCAAG,3.830463677628177e-05,0.0,0.0
ACGGGCCCCAG,3.830463677628177e-05,0.0002621403761714398,0.0001780785326328911
ACTGCGACCAA,3.830463677628177e-05,0.0,0.0
ACTGAGCCTGA,3.830463677628177e-05,6.553509404285995e-05,0.0
AACGTATCAGT,3.830463677628177e-05,0.0,0.0
ACGGGAGCCAT,3.830463677628177e-05,0.0019660528212857987,5.9359510877630366e-05
AACGACCCTG_,3.830463677628177e-05,0.0,0.0
ATCGCTACACT,3.830463677628177e-05,0.0,0.0010387914403585314
AGTGTCGCTTT,3.830463677628177e-05,0.0,5.9359510877630366e-05
AAAGCATCAAG,3.830463677628177e-05,0.0,0.0
ACGGTACCCAA,3.830463677628177e-05,0.0,0.0
AGAGGCGCTTC,3.830463677628177e-05,0.0,0.0
ACAGACCCGAT,3.830463677628177e-05,0.0,0.0
ACAGTGGCACG,3.830463677628177e-05,0.0,0.0
AGAGAGACGCA,3.830463677628177e-05,0.0,0.0
AGTTTTTCCAA,3.830463677628177e-05,0.0,0.0
ACGGCAACGGT,3.830463677628177e-05,0.0,0.0
AAAGCCCCTGG,3.830463677628177e-05,0.0,0.0
AAAGCCGCATA,3.830463677628177e-05,0.0008519562225571794,5.9359510877630366e-05
AATGATCCAGC,3.830463677628177e-05,0.0,0.0
AACGTGTCCCT,3.830463677628177e-05,0.0,0.0
ACTGACACCAG,3.830463677628177e-05,0.0,0.0
AAAGTGTCTAG,3.830463677628177e-05,0.0,0.0
ACCGCAACGCA,3.830463677628177e-05,0.0,0.0020182233698394325
ATTGAGTCCTG,3.830463677628177e-05,0.0,0.0
ACAGATACTCT,3.830463677628177e-05,0.0,0.0
AATGAGCCATA,3.830463677628177e-05,0.0,0.0
AAAGTAGCCGT,3.830463677628177e-05,0.0,0.0
ACCGATTCACA,3.830463677628177e-05,0.0,0.0
ATCGCTTCAAC,3.830463677628177e-05,0.0,0.0
AAAGAAGCGCA,3.830463677628177e-05,0.0001310701880857199,0.0
AAAGTTACAAC,3.830463677628177e-05,6.553509404285995e-05,0.0
AAAGGCGCATA,3.830463677628177e-05,6.553509404285995e-05,0.0
AGTGACCCACT,3.830463677628177e-05,0.0,0.0
ATCGTATCAAA,3.830463677628177e-05,0.0,0.0007716736414091948
AGCGTGTTCAG,3.830463677628177e-05,0.0,0.0
AAGGACACAAC,3.830463677628177e-05,0.0,0.0
AAAGATGCCGC,3.830463677628177e-05,0.0,0.0
AAAGCAACGCC,3.830463677628177e-05,0.0,0.0
AATGAAACCTG,3.830463677628177e-05,0.0,0.0
AGGGCCTCGAA,3.830463677628177e-05,0.0017366799921357888,0.0
ACTGAGGCCCA,3.830463677628177e-05,0.0,0.0
ATAGACCCAGC,3.830463677628177e-05,0.002752473949800118,0.0
ATCGCATCATG,3.830463677628177e-05,0.0,0.0
ACCGGGACATA,3.830463677628177e-05,0.0005242807523428796,0.0010091116849197162
ACTGCACCATT,3.830463677628177e-05,0.0,0.0
ACAGTTGTTTT,3.830463677628177e-05,0.0,0.0
AGTGCCGTGGG,3.830463677628177e-05,0.0,0.0
AAGGTTTCAAC,3.830463677628177e-05,0.0,0.0
ATCGGCACGAA,3.830463677628177e-05,0.0001310701880857199,0.0
ACCGAACCATG,3.830463677628177e-05,0.0,0.0
AAGTTATGCCC,3.830463677628177e-05,0.0,0.0
ACTGAATCCTG,3.830463677628177e-05,0.0,0.0
AACGAACCCAA,3.830463677628177e-05,0.0,0.0
AGAGCGTCGCC,3.830463677628177e-05,0.0,0.0
AATGATACGCT,3.830463677628177e-05,0.0,0.0014839877719407591
_TCTAGTGTAT,3.830463677628177e-05,0.0,0.0
AATGGGCCTGA,3.830463677628177e-05,0.0,0.0
ACCGTATCCAC,3.830463677628177e-05,6.553509404285995e-05,0.0
AGCGCCCCGAG,3.830463677628177e-05,0.0,0.0
ATGGTAACTTG,3.830463677628177e-05,0.0,0.0
ATTGCGACCAC,3.830463677628177e-05,0.0,0.0
ACAGCAGCATA,3.830463677628177e-05,0.0,0.0
AAAGGCTCGAA,3.830463677628177e-05,0.0,0.0
ACAGGTTCCCG,3.830463677628177e-05,6.553509404285995e-05,0.0
ATTGTATCTGT,3.830463677628177e-05,0.0,0.0
AGCGCGTCCCC,3.830463677628177e-05,6.553509404285995e-05,0.0
AAGGCGACATA,3.830463677628177e-05,6.553509404285995e-05,0.0
ACCGCTTCGCC,3.830463677628177e-05,0.0,0.0
ACAGCTACACA,3.830463677628177e-05,6.553509404285995e-05,0.0
ACCGTCCCTAC,3.830463677628177e-05,0.0002621403761714398,0.0
AAAGAACCTAT,3.830463677628177e-05,0.0,0.001929184103522987
AAAGCTTCTCT,3.830463677628177e-05,6.553509404285995e-05,0.0
AAAGGACCACT,3.830463677628177e-05,0.0,0.0
ACAGCCTCTGC,3.830463677628177e-05,0.0,0.0
AAAGGCGCAGG,3.830463677628177e-05,0.0,0.0
AGTGTACCGAT,3.830463677628177e-05,0.0,0.0
AAAGTCGCCGG,3.830463677628177e-05,0.0,0.0008310331522868252
AACGATTCAGC,3.830463677628177e-05,6.553509404285995e-05,0.0
ATCGCAGCATA,3.830463677628177e-05,0.0002621403761714398,0.0010684711957973465
AAAGATACTCA,3.830463677628177e-05,6.553509404285995e-05,0.0
AAAGGGCCAAT,3.830463677628177e-05,0.0,0.0
ATAGCTCCAAC,3.830463677628177e-05,0.0,0.0008310331522868252
ATTGTGCCAAC,3.830463677628177e-05,0.0,0.0
AAAGAGACAGA,3.830463677628177e-05,0.0011140965987286192,0.0
ATAGCCACTGA,3.830463677628177e-05,0.0,0.0
AATGAGTCACG,3.830463677628177e-05,0.0,0.0
AGAGTTTCGGA,3.830463677628177e-05,0.0,0.0
ACTGAAACGAA,3.830463677628177e-05,0.0,0.0
AAGGAGTA___,3.830463677628177e-05,0.0,0.0
AACGTGTTCA_,3.830463677628177e-05,0.0,0.0
AAAGAAACCGA,3.830463677628177e-05,0.0,0.0
AACGACGGTGC,3.830463677628177e-05,0.0,0.0
AAAGCACCTAT,3.830463677628177e-05,0.0,0.0
ACCGCGACCTA,3.830463677628177e-05,0.0,0.0
AGCCACCCACC,3.830463677628177e-05,0.0,0.0
ATAGCATCGCG,3.830463677628177e-05,0.0,0.0
AGTGCCGCACC,3.830463677628177e-05,0.0,0.0
AACGTAACATG,3.830463677628177e-05,6.553509404285995e-05,0.0
AACGTCGCTCA,3.830463677628177e-05,0.0,0.0
ATCGCTTCAGC,3.830463677628177e-05,0.0,0.0
AATGGCGCTAG,3.830463677628177e-05,0.0001310701880857199,0.0
AATGTCTCGAC,3.830463677628177e-05,0.0,0.0
AGTGTCTCGCT,3.830463677628177e-05,0.0,0.0010684711957973465
ACAGCCACGCG,3.830463677628177e-05,0.0,0.0
AAAGTCTCGAA,3.830463677628177e-05,0.0,0.0
AACGTCCCGGG,3.830463677628177e-05,0.0,0.0
AATGTTGCCAG,3.830463677628177e-05,0.0,0.0
ATCATATCCAA,3.830463677628177e-05,0.0,0.0
AACGCAACTTA,3.830463677628177e-05,0.0,0.0
AATGGCACATT,3.830463677628177e-05,3.276754702142998e-05,2.9679755438815183e-05
ATGGAGGCTGG,3.830463677628177e-05,0.0,0.0
ATAGACACTGC,3.830463677628177e-05,0.0,0.0008607129077256403
AAAGCCTCTAT,3.830463677628177e-05,0.0,0.0
ACGGGGACACA,3.830463677628177e-05,0.0,0.0
ATCGCCGCATG,3.830463677628177e-05,0.0001310701880857199,0.002136942391594693
AACGTGACGAA,3.830463677628177e-05,0.0,0.0
AGAGGGTCATA,3.830463677628177e-05,0.0,0.0
AATGATCCGCC,3.830463677628177e-05,0.0,0.0
ACCGCTACTTG,3.830463677628177e-05,0.0,0.0
AGTGAAACAGG,3.830463677628177e-05,0.0,0.0
ACAGAATCAAT,3.830463677628177e-05,0.0,0.0
AACGCGACAAT,3.830463677628177e-05,0.0,0.0
ATGGAATCTGT,3.830463677628177e-05,0.0001310701880857199,0.0007716736414091948
AAGGATCCCAC,3.830463677628177e-05,0.0,0.0014839877719407591
AAAGAAACTAA,3.830463677628177e-05,0.0,0.0
ATCGGTCCCAA,3.830463677628177e-05,0.0,0.0
AATGCTACGAG,3.830463677628177e-05,0.0017039124451143587,0.0
AGAGGGAATCA,3.830463677628177e-05,6.553509404285995e-05,0.0
AGAGGCGCGGG,3.830463677628177e-05,0.0,0.0
ATAGGTTCAGA,3.830463677628177e-05,0.0,0.0
AAAGACACGTG,3.830463677628177e-05,0.0,0.0
AACGATGCTAG,3.830463677628177e-05,0.0,0.0
ATGGACTCCGA,3.830463677628177e-05,0.0,0.0
AAAGATACTTA,3.830463677628177e-05,0.0,0.0
ATTGCTTCTAA,3.830463677628177e-05,0.0,0.0
ACCGACACAGG,3.830463677628177e-05,0.0,0.0
AGCGTCCCACC,3.830463677628177e-05,0.0,0.0
AACGATGCGGG,3.830463677628177e-05,0.0,0.0
ACAGAATCTCT,3.830463677628177e-05,0.0,0.0
ATGGTAACCAC,3.830463677628177e-05,0.0,0.0
AAAGCTCCCCA,3.830463677628177e-05,0.0,0.0
AGAGCAGCCAA,3.830463677628177e-05,0.0,0.0
ACGGTTTCTGG,3.830463677628177e-05,0.0,0.0
ATGGTATCTAA,3.830463677628177e-05,0.0,0.0
ACGGTCACGCT,3.830463677628177e-05,0.0,0.0
AATGCCGCGAT,3.830463677628177e-05,0.0,0.0
ACTGCACCCTA,3.830463677628177e-05,0.0,0.0
AGCGGGTCAAA,3.830463677628177e-05,0.0,0.0
ATCGCCCCATC,3.830463677628177e-05,0.0,0.0
AGGGTTTCTAA,3.830463677628177e-05,6.553509404285995e-05,0.0
ACAGGGTCCAC,3.830463677628177e-05,0.0,0.001127830706674977
ATGGCACCAAA,3.830463677628177e-05,0.0,0.0
ACTGAACCTCC,3.830463677628177e-05,0.0,0.0
ACAGGCACAAT,3.830463677628177e-05,0.0,0.0
AACGGCGCGGG,3.830463677628177e-05,0.0,0.0
ATAGATTCTGG,3.830463677628177e-05,0.0,0.0
AAGGCGGCTCG,3.830463677628177e-05,0.0,0.0
AATGACGCTAC,3.830463677628177e-05,0.001376236974900059,0.0007716736414091948
ATTGTGCTCAG,3.830463677628177e-05,0.0,0.0
ACGGTGACTCT,3.830463677628177e-05,0.0,0.0
AACGTTGCTTC,3.830463677628177e-05,0.0003932105642571597,0.0
ACCGAGTCTTT,3.830463677628177e-05,0.0,0.0
AAAGTTTCTGG,3.830463677628177e-05,0.0,0.0
ATTGGCGCTAA,3.830463677628177e-05,0.0,0.0
ACAGTATCGCC,3.830463677628177e-05,0.0,0.0
ACAGGACCAAA,3.830463677628177e-05,0.0,0.0
ACGGATTTGCG,3.830463677628177e-05,0.0,0.0
AATGTTACCTA,3.830463677628177e-05,0.0,0.0
ACAGTATCTAA,3.830463677628177e-05,6.553509404285995e-05,0.00011871902175526073
ACTGTATCTAA,3.830463677628177e-05,0.0,0.0
AAAGTGTCTGT,3.830463677628177e-05,0.0,0.0
TGTTCAGCTTA,3.830463677628177e-05,0.0,0.0
AACGAAGCATG,3.830463677628177e-05,0.0,0.0
AGTGGCACAAT,3.830463677628177e-05,6.553509404285995e-05,0.0
ACGGCTCCCTG,3.830463677628177e-05,0.0,0.0
ATAGCCACATT,3.830463677628177e-05,0.00029490792319286977,0.0
ATGGCACCCTA,3.830463677628177e-05,0.0,0.0
ATAGAGGCTG_,3.830463677628177e-05,0.0,0.0
ACCGTATGTTT,3.830463677628177e-05,0.0,0.0
ACAGGTCCATA,3.830463677628177e-05,0.0,0.0
AAAGGAGCGCT,3.830463677628177e-05,0.0,0.0
AACGAAACTGT,3.830463677628177e-05,0.0,0.0
ATAGTCACGTA,3.830463677628177e-05,0.0,0.0
ATAGCTTCAAG,3.830463677628177e-05,0.0,0.0
ACGGGCGCTAG,3.830463677628177e-05,0.0,0.0
ACTGCATCCAT,3.830463677628177e-05,0.0,0.0
AAAGAAACGAT,3.830463677628177e-05,0.0,0.0
AAAGAAACTTT,3.830463677628177e-05,0.0,0.0
ACAGATACAAT,3.830463677628177e-05,0.00032767547021429977,0.0
AATGCTTCTGA,3.830463677628177e-05,0.0,0.0
AGAGAAACCAT,3.830463677628177e-05,0.0,0.0
ATTGTCGCGAT,3.830463677628177e-05,0.0,0.0
AAAGCCGCAAT,3.830463677628177e-05,0.0,0.0
AAGGCTACG__,3.830463677628177e-05,0.0,0.0
ATTGAGACTCA,3.830463677628177e-05,0.0,0.0008903926631644555
AAAGCCACGAG,3.830463677628177e-05,6.553509404285995e-05,0.0014246282610631288
ATAGGATCGAA,3.830463677628177e-05,0.0,0.0
AGCGCCGCCAT,3.830463677628177e-05,0.0,0.0
ATAGATTCGCT,3.830463677628177e-05,0.0,0.0
AAGGAAAGCAT,3.830463677628177e-05,0.0,0.0
AAGG___ACAG,3.830463677628177e-05,0.0,0.0
ATGGTTGCCTT,3.830463677628177e-05,0.0,0.0
ATTGTAGCCGT,3.830463677628177e-05,0.0,0.0
ATAGGCTCCTT,3.830463677628177e-05,0.0,0.0
AGTGAGACGTT,3.830463677628177e-05,0.0,0.0
ATAGTAACGAT,3.830463677628177e-05,0.0,0.0
ATCGAGGCGAT,3.830463677628177e-05,0.0,0.0
AACGGCGCTTG,3.830463677628177e-05,0.0,0.0
AACGATACCCT,3.830463677628177e-05,0.0,0.0
ATTGATGTTCA,3.830463677628177e-05,0.0,0.0
AAAGGCTAAAT,3.830463677628177e-05,0.0,0.0
AGTGAATCGAA,3.830463677628177e-05,0.00019660528212857986,0.0
AACGGCGCATA,3.830463677628177e-05,0.0,0.0
AGAGTGACCTG,3.830463677628177e-05,0.0,0.0
AGCGGAGCACG,3.830463677628177e-05,0.0,0.0
ACAGTTCCTGG,3.830463677628177e-05,0.0,0.0
ACGGCCACCCG,3.830463677628177e-05,0.0,0.0
AAAGCCACACT,3.830463677628177e-05,0.0,0.0
AAAGGACCGGT,3.830463677628177e-05,0.0,5.9359510877630366e-05
AAAGAGACAAT,3.830463677628177e-05,3.276754702142998e-05,0.0
ACCGTTGCCAT,3.830463677628177e-05,0.0,0.0
AACGTCGCAAA,3.830463677628177e-05,0.0,0.0
ATTGAGCCATT,3.830463677628177e-05,0.0,0.0
AGAGTCGCCGG,3.830463677628177e-05,0.0,0.0
ATAGAAACCTA,3.830463677628177e-05,0.0,0.0
AAGGTATCCAA,3.830463677628177e-05,0.0,0.0
ACCGTATCCAT,3.830463677628177e-05,0.0,0.0
AAGGTCTCGAT,3.830463677628177e-05,0.0,0.0
AGAGTATCACT,3.830463677628177e-05,6.553509404285995e-05,0.0
AAGGTGGCCCG,3.830463677628177e-05,0.0,0.0
AATGCGACCAA,3.830463677628177e-05,0.0,0.0
ATCGACACCAG,3.830463677628177e-05,0.0,0.0
AGCGAATCGTG,3.830463677628177e-05,0.0,0.0
ACGGTAACAAA,3.830463677628177e-05,0.0,0.0
AATGTGTCGAG,3.830463677628177e-05,0.0,0.0
AACGATTCGTT,3.830463677628177e-05,6.553509404285995e-05,5.9359510877630366e-05
AACGATCCTGT,3.830463677628177e-05,6.553509404285995e-05,0.0
AACGATCCTCC,3.830463677628177e-05,0.005504947899600236,0.002225981657911139
AACGGTTCTCA,3.830463677628177e-05,0.0,0.0
ACGGATCCATT,3.830463677628177e-05,0.0,0.0
AAGGTTACAGG,3.830463677628177e-05,0.0,0.0
AGAGCCCCTTT,3.830463677628177e-05,0.0,0.0
ATTGATGCTAC,3.830463677628177e-05,0.0,0.0
ATCGATACCTC,3.830463677628177e-05,0.0,0.0
ACCGTGCCCGA,3.830463677628177e-05,6.553509404285995e-05,0.0
AAAGGAGCTTT,3.830463677628177e-05,0.0,0.0
AAGGGATCCAA,3.830463677628177e-05,0.0,0.0
ACAGTCCCAGT,3.830463677628177e-05,0.0,0.0
AAAGGAACACG,3.830463677628177e-05,0.0,0.0
AGAGGAACGTT,3.830463677628177e-05,6.553509404285995e-05,0.0
AACGTCACAGA,3.830463677628177e-05,0.0,0.0
ATAGAAACCAC,3.830463677628177e-05,0.0014417720689429189,0.0023447006796663995
ACCGTTACGTG,3.830463677628177e-05,0.0,0.0
CACCTTACCTA,3.830463677628177e-05,0.0,0.0
ATAGCAGCGAA,3.830463677628177e-05,0.0,0.0
AAAGTCTCTAG,3.830463677628177e-05,0.0,0.0
ATCGTACCTCT,3.830463677628177e-05,0.0,0.0
ATAGGCGCGTG,3.830463677628177e-05,0.0,0.0
AAAGCCGCGTG,3.830463677628177e-05,0.0,0.0
ATAGTTGCTAT,3.830463677628177e-05,0.0019660528212857987,0.0
ACTGTTACAGT,3.830463677628177e-05,0.0,0.0
ACCAAGACTAC,3.830463677628177e-05,0.0,0.0
AGCGAGACACG,3.830463677628177e-05,0.0,0.0
ACGGACCCTAG,3.830463677628177e-05,0.0,0.0
AACGTAGCTCG,3.830463677628177e-05,0.0,0.0
AACGCGACTGT,3.830463677628177e-05,0.0,0.0
ATTGTAACGCT,3.830463677628177e-05,0.0001310701880857199,0.0
AGCGCCTCTAT,3.830463677628177e-05,0.0,0.0
ACAGAAGCGTA,3.830463677628177e-05,0.0,0.0
ATAGTGT_CAT,3.830463677628177e-05,0.0,0.0
AGCGGACCAAC,3.830463677628177e-05,6.553509404285995e-05,0.0
ATTGCATCTCT,3.830463677628177e-05,0.0,0.0
AGAGTCCCGTG,3.830463677628177e-05,0.0,0.0
_TCATTTCTAT,3.830463677628177e-05,0.0,0.0
AGCTGTCCAG_,3.830463677628177e-05,0.0,0.0
ATTGGCACAAT,3.830463677628177e-05,0.0,0.0
AAAGAATCTCT,3.830463677628177e-05,0.0,0.0
AAAGTTGCAAG,3.830463677628177e-05,0.0,0.0
AATGCAACGTT,3.830463677628177e-05,0.0019660528212857987,0.0
ACTGAAACGAT,3.830463677628177e-05,0.0,0.0
ATTGAAACTAA,3.830463677628177e-05,0.0,0.0
AAAGCTACCGC,3.830463677628177e-05,0.0,0.0
AGCGATACCCC,3.830463677628177e-05,0.0,0.0
AAAGTAACATA,3.830463677628177e-05,0.0,0.0
ATAGGTTCCAT,3.830463677628177e-05,0.0,0.0
AACGATCCTCG,3.830463677628177e-05,0.0,5.9359510877630366e-05
ACCGCGTCAAA,3.830463677628177e-05,0.0,5.9359510877630366e-05
AACGCAGCATC,3.830463677628177e-05,0.0,0.0
ATCGAGACCGT,3.830463677628177e-05,0.0,0.0
ACGGCATCATG,3.830463677628177e-05,0.0,0.0
ACGGAGACTTC,3.830463677628177e-05,0.0,0.0
ACTGCATCGTT,3.830463677628177e-05,0.0,0.0
ACCGATGCCTA,3.830463677628177e-05,6.553509404285995e-05,0.0
ACTGCGGCAGT,3.830463677628177e-05,0.0,0.0
AGAGCGGCCTG,3.830463677628177e-05,0.0,0.0
AATGGTCCTTG,3.830463677628177e-05,6.553509404285995e-05,0.0
ATCGAACCACC,3.830463677628177e-05,6.553509404285995e-05,0.0
AGAGTGTCCCA,3.830463677628177e-05,0.0,0.0
ATGGGCCCAGG,3.830463677628177e-05,6.553509404285995e-05,0.0010091116849197162
AAAGGTTCCAT,3.830463677628177e-05,0.0,0.0
ACGGTTACACA,3.830463677628177e-05,0.0,0.0
AGAGCGCCGAC,3.830463677628177e-05,0.0,0.0
ATAGGTCCACG,3.830463677628177e-05,0.0,0.0
ACTGGTCCGAC,3.830463677628177e-05,0.0,0.0
ATAGAGACCTG,3.830463677628177e-05,0.0,0.0
ACAGTCGCTGC,3.830463677628177e-05,0.0,0.0008310331522868252
AAAGCTACAAA,3.830463677628177e-05,0.0,0.0
ACAGTATCTCG,3.830463677628177e-05,0.0,0.0
ACAGCTACTAG,3.830463677628177e-05,0.0,0.0
AAAGAGTCTTC,3.830463677628177e-05,0.0,0.0
ATTGCACCTAC,3.830463677628177e-05,0.0011140965987286192,0.0007123141305315644
ATAGATTCATG,3.830463677628177e-05,0.0,0.0
AATGTCGCTCC,3.830463677628177e-05,0.0,0.0
AGGGTTACAAA,3.830463677628177e-05,0.0,0.0007716736414091948
ACCGAAACTCA,3.830463677628177e-05,0.0,0.0
AAAGCAACT__,3.830463677628177e-05,0.0,0.0
ATCGCTACATC,3.830463677628177e-05,0.0,0.0
AAAGAAGCGAT,3.830463677628177e-05,0.0,0.0
___TGTTCAGC,3.830463677628177e-05,0.0001310701880857199,0.0
ACTGGCACTGT,3.830463677628177e-05,0.0,0.0
ATTGAGACTAT,3.830463677628177e-05,0.0,0.0
AGCGGTGCACA,3.830463677628177e-05,0.0,0.0
CTACCCACAAT,3.830463677628177e-05,0.0,0.0
AACGCATCCTG,3.830463677628177e-05,0.0,0.0
ACAGAATCTAT,3.830463677628177e-05,0.0,0.0
ATCGTCTCACT,3.830463677628177e-05,6.553509404285995e-05,5.9359510877630366e-05
AAGGCCTTTTC,3.830463677628177e-05,6.553509404285995e-05,0.0
AGAGCCACTAT,3.830463677628177e-05,0.0,0.0
AACGCCTCGTC,3.830463677628177e-05,0.0,0.0
AATGAACCAAA,3.830463677628177e-05,0.0,0.0
AAGGAGACGAA,3.830463677628177e-05,0.0,0.0
AAAGATACGCC,3.830463677628177e-05,0.0,5.9359510877630366e-05
ACCGCCACATC,3.830463677628177e-05,0.00019660528212857986,0.010892470246045173
AATGGCACCTT,3.830463677628177e-05,6.553509404285995e-05,0.0
ACCGGTCCTGT,3.830463677628177e-05,0.0,0.0
ACTGTCTCGAT,3.830463677628177e-05,0.0,0.0
AATGATGCTTT,3.830463677628177e-05,0.0,0.0008310331522868252
ATCGAAGCCTT,3.830463677628177e-05,0.0,0.0018104650817677263
AAAGTAGCAAG,3.830463677628177e-05,0.0,0.0
CCCTCAAAACT,3.830463677628177e-05,0.0,0.0
AATGAGTCAAA,3.830463677628177e-05,0.0,0.0
ACCGCCACATA,3.830463677628177e-05,0.0,0.0
ACAGATGTTCA,3.830463677628177e-05,0.0,0.0
AACGCTACAAC,3.830463677628177e-05,0.0,0.0
AATGGCACCAT,3.830463677628177e-05,0.0,0.0
TATTTAACCCT,3.830463677628177e-05,0.0,0.0
AGTGTGTCCAC,3.830463677628177e-05,6.553509404285995e-05,0.0
ACTGAGCCCGG,3.830463677628177e-05,0.0,0.0
AACGGTCCAAC,3.830463677628177e-05,0.0,0.0
ACAGCCCCCAA,3.830463677628177e-05,0.0,0.0
ACGGACACCAC,3.830463677628177e-05,0.0,0.0
ACAGCAGCAGA,3.830463677628177e-05,0.0,0.0
AAAGGTACGTA,3.830463677628177e-05,0.0,0.0
AATGATCCAAA,3.830463677628177e-05,0.0,0.0
AACTAAACAAG,3.830463677628177e-05,0.0,0.0
ATAGTTTATCT,3.830463677628177e-05,0.0,0.0
AATGCAACTAT,1.9152318388140883e-05,0.0,0.0
AACGGATCGTT,1.9152318388140883e-05,0.0,0.0
ACTGAATCCAC,1.9152318388140883e-05,0.0,0.0
ATGTTTTCATA,1.9152318388140883e-05,0.0,0.0
AACTTTTCGTA,1.9152318388140883e-05,0.0,0.0
ACGTCTTCATG,1.9152318388140883e-05,0.0,0.0
AAAGCTAC___,1.9152318388140883e-05,0.0,0.0
AATGCGGCTAA,1.9152318388140883e-05,0.0,0.0
AATGTCACAAT,1.9152318388140883e-05,3.276754702142998e-05,0.0
AATGTCACTAT,1.9152318388140883e-05,0.0,0.0
ATTGTTTCTGG,1.9152318388140883e-05,0.0,0.0
ATAGATGCGTG,1.9152318388140883e-05,0.0,0.0
AACGTAACTCG,1.9152318388140883e-05,0.0012123992397929091,0.0
ACAGCCTCTAA,1.9152318388140883e-05,0.0,0.0
ATAGCCACACA,1.9152318388140883e-05,0.0,0.0
CTCGTTACCCC,1.9152318388140883e-05,0.0,0.0
ATCGTATTGTT,1.9152318388140883e-05,0.0,0.0
AAAGTGGCTCT,1.9152318388140883e-05,0.0,0.0
AAGGTTACTTT,1.9152318388140883e-05,0.0,0.0
ATATAAGCCAT,1.9152318388140883e-05,0.0,0.0
ACCAACTCTAT,1.9152318388140883e-05,0.0,0.0
AATGCGTCTAA,1.9152318388140883e-05,0.0,0.0
ACTGAAGCCAA,1.9152318388140883e-05,0.0,2.9679755438815183e-05
AAGGCGCCCAG,1.9152318388140883e-05,0.0,0.0
ACA_GAACCAT,1.9152318388140883e-05,0.0,0.0
AACGGAGCGTG,1.9152318388140883e-05,0.0,0.0
AGTGTATCATT,1.9152318388140883e-05,0.0,0.0
AAGGTAACTAA,1.9152318388140883e-05,0.0,0.0
ACAGTAACTCA,1.9152318388140883e-05,0.0,0.0
ATAGTCCCATT,1.9152318388140883e-05,0.0,0.0
AAAGTTTCAGA,1.9152318388140883e-05,0.0,0.0
AATGCCACACT,1.9152318388140883e-05,0.00019660528212857986,0.0
ATCGCATCAAG,1.9152318388140883e-05,0.0,0.0
AGGCTAGCACT,1.9152318388140883e-05,0.0,0.0
AAGGCGTCCCT,1.9152318388140883e-05,0.0,0.0
ATTGCGGCCAC,1.9152318388140883e-05,3.276754702142998e-05,0.0
ATAGTTACTCA,1.9152318388140883e-05,0.0,0.0
ATGGCTGCCAC,1.9152318388140883e-05,0.0,0.0
ACTGGGCCCTG,1.9152318388140883e-05,0.0,0.0
ATCGGTCCTTA,1.9152318388140883e-05,0.0,0.0
ACCGCATGTTT,1.9152318388140883e-05,0.0,0.0
ATCGGGTCTCA,1.9152318388140883e-05,0.0,0.0
AGCGTAGCATT,1.9152318388140883e-05,0.0,0.0
___TCAGCTTC,1.9152318388140883e-05,0.0,0.0
ATGGCACCACA,1.9152318388140883e-05,0.0,0.0
TGTGATTCTGG,1.9152318388140883e-05,0.0,0.0
ATAGATTCAAT,1.9152318388140883e-05,0.0,0.00047487608702104293
AACGGAACGGG,1.9152318388140883e-05,0.0,0.0
ATTGTACCTTT,1.9152318388140883e-05,0.0,0.0
ACCGCTTCACT,1.9152318388140883e-05,0.0,0.0
ATCGGTACATG,1.9152318388140883e-05,0.0,0.0
CACGAGTCGGG,1.9152318388140883e-05,0.0,0.0
ATTGACTCCAG,1.9152318388140883e-05,0.0,0.0
AGGGTAACACT,1.9152318388140883e-05,0.0,0.0
AATGGCTCTAG,1.9152318388140883e-05,0.0,0.0
ACTGTACAAAT,1.9152318388140883e-05,0.0,0.0
ACAGCTGC___,1.9152318388140883e-05,0.0,0.0
AAAGCCACCGG,1.9152318388140883e-05,0.0,0.0
ATCGAATCCAA,1.9152318388140883e-05,0.0,0.0
AACGTAACGTT,1.9152318388140883e-05,0.0,0.0
ACAGGCTCCAA,1.9152318388140883e-05,0.0,0.0
ATAGATTCCCC,1.9152318388140883e-05,0.0,0.0
AACGCTTCAAA,1.9152318388140883e-05,0.0,0.0
ACTGCACCAAC,1.9152318388140883e-05,0.0,0.0
ACGGTCTCGCC,1.9152318388140883e-05,0.0,0.0
ACAGCATCATT,1.9152318388140883e-05,0.0,0.0
ATTGTTTC___,1.9152318388140883e-05,0.0,0.0
AAAGTTTCTGC,1.9152318388140883e-05,0.0,0.0
AGAGCTGCAGT,1.9152318388140883e-05,0.0,0.0
ACTGTAACGAT,1.9152318388140883e-05,0.0,0.0
AACGGCACACT,1.9152318388140883e-05,0.0,0.0
ACCGCTGCAAT,1.9152318388140883e-05,0.0,0.0
ATAGGGGCTCA,1.9152318388140883e-05,0.0,0.0
ATATAT_CAGC,1.9152318388140883e-05,0.0,0.0
AAATTCGCTAT,1.9152318388140883e-05,0.0,0.0
ATGGCCGCTAA,1.9152318388140883e-05,0.0,0.0
AGTGCTTCTGG,1.9152318388140883e-05,0.0,0.0
AAGGCGTCGCG,1.9152318388140883e-05,0.0,0.0
ACTGCTACCGT,1.9152318388140883e-05,0.0,0.0
ACGGAATCCAA,1.9152318388140883e-05,0.0,0.0
ATTGTTTCTAT,1.9152318388140883e-05,0.0,0.0
ACTGCGCCTAA,1.9152318388140883e-05,0.0,0.0
ATTGCGCCCAC,1.9152318388140883e-05,0.0,0.0
ATGGAGCCGTG,1.9152318388140883e-05,0.0,0.0
ACAGTTTCTGC,1.9152318388140883e-05,0.0,0.0
ATAGCTTCTTG,1.9152318388140883e-05,0.0,0.0
AATGTTACAAA,1.9152318388140883e-05,0.0,0.0
AATGCAACCCT,1.9152318388140883e-05,0.0,0.0
ATGGGAACTTA,1.9152318388140883e-05,0.0,0.0
AACGCAACGGG,1.9152318388140883e-05,0.0,0.0
ACTTACTCGAT,1.9152318388140883e-05,0.0,0.0
ATGGCCACGGA,1.9152318388140883e-05,0.0,0.0
_AAGAAGCTAA,1.9152318388140883e-05,0.0,0.0
AATGGAACATT,1.9152318388140883e-05,0.0,0.0
AAAGCGCCATT,1.9152318388140883e-05,0.0,0.0
ACAGTTTCTGT,1.9152318388140883e-05,0.0,0.0
ACAGTTTATGG,1.9152318388140883e-05,0.0,0.0
CGTGATTCTGG,1.9152318388140883e-05,0.0,0.0
ACTGCAGCCCT,1.9152318388140883e-05,0.0,0.0
AAAGCCACTCA,1.9152318388140883e-05,0.0,0.0
ACTGACACGAT,1.9152318388140883e-05,0.0,0.0
AACGTATCCTC,1.9152318388140883e-05,0.0,0.0
AATGGCCCAAT,1.9152318388140883e-05,0.0,2.9679755438815183e-05
AACGTATCGTG,1.9152318388140883e-05,0.0,0.0
AATGCAGCCAT,1.9152318388140883e-05,0.0,0.0
AAGGGCCCAAG,1.9152318388140883e-05,0.0,0.0
CAAGAAGCGTC,1.9152318388140883e-05,0.0,0.0
ACTATAACGAG,1.9152318388140883e-05,0.0,0.0
AATGATTCAAC,1.9152318388140883e-05,0.0,0.0
AAGCACACATA,1.9152318388140883e-05,0.0,0.0
AATGATCAAAA,1.9152318388140883e-05,0.0,0.0
AAAGCGCGGAG,1.9152318388140883e-05,0.0,0.0
ATTGCTTCATA,1.9152318388140883e-05,0.0,0.0
AAGGATACATT,1.9152318388140883e-05,0.0,0.0
AGCTAAACAAG,1.9152318388140883e-05,0.0,0.0
TCTGCACACAT,1.9152318388140883e-05,0.0,0.0
AACGCTTCGCG,1.9152318388140883e-05,0.0,0.0
ACGGCCGCATC,1.9152318388140883e-05,0.0,0.0
AATGTTCCAAA,1.9152318388140883e-05,0.0,0.0
ACTGCCGCCAT,1.9152318388140883e-05,0.0,0.0
GGGAAAACTAA,1.9152318388140883e-05,0.0,0.0
AACGAAACAAG,1.9152318388140883e-05,0.0,0.0
ATCGCTTCCCC,1.9152318388140883e-05,0.0,0.0
AACGCTTCACA,1.9152318388140883e-05,0.0,0.0
AACGCTGCATA,1.9152318388140883e-05,0.0,0.0
AACGATGTATT,1.9152318388140883e-05,0.0,0.0
ACAAATGTTCA,1.9152318388140883e-05,0.0,0.0
ACCGTATGTGT,1.9152318388140883e-05,0.0,0.0
ATATCTGCGTG,1.9152318388140883e-05,0.0,0.0
ATAGCTTCGTG,1.9152318388140883e-05,0.0,0.0
ATAGGTATATG,1.9152318388140883e-05,0.0,0.0
ACAGAGCCCTT,1.9152318388140883e-05,0.0,0.0
AGTGACGCTCT,1.9152318388140883e-05,0.0,0.0
AGTGCATGGTC,1.9152318388140883e-05,0.0,0.0
ATAGCATCGTG,1.9152318388140883e-05,0.0,0.0
ACTCGAACTGC,1.9152318388140883e-05,0.0,0.0
AAGGGTAACTC,1.9152318388140883e-05,0.0,0.0
ATTGCGTCAAC,1.9152318388140883e-05,0.0,0.0
AGAGCACCAGC,1.9152318388140883e-05,0.0,0.0
AAGGCAGCTAA,1.9152318388140883e-05,0.0,0.0
AACGAATCGGG,1.9152318388140883e-05,0.0,5.9359510877630366e-05
AGTGTGTACCG,1.9152318388140883e-05,0.0,0.0
TGTAAAGATAA,1.9152318388140883e-05,0.0,0.0
ATTGCATCCAC,1.9152318388140883e-05,0.0,0.0
CGATTTATAAG,1.9152318388140883e-05,0.0,0.0
AACGAATCAAC,1.9152318388140883e-05,0.0,0.0
AAAAGACGCGC,1.9152318388140883e-05,0.0,0.0
ATAGCCACCCA,1.9152318388140883e-05,0.0,0.0
AATGCAATCAT,1.9152318388140883e-05,0.0,0.0
ACTGTGCCTTA,1.9152318388140883e-05,0.0,0.0
ACGGTCTCAAT,1.9152318388140883e-05,0.0,0.0
AACGACTCTTC,1.9152318388140883e-05,0.0,0.0
ATTGAATCCGT,1.9152318388140883e-05,0.0,0.0
ACGGCATCAGC,1.9152318388140883e-05,0.0,0.0
AATGCAAACAT,1.9152318388140883e-05,0.0,0.0
AGGGAAACGAA,1.9152318388140883e-05,0.0,0.0
AACGACCCTAG,1.9152318388140883e-05,0.0,0.0
CATGCGCCAAA,1.9152318388140883e-05,0.0,0.0
CTTGCGTCGGA,1.9152318388140883e-05,0.0,0.0
AATAGCCCGAT,1.9152318388140883e-05,0.0,0.0
ACATCATCTAA,1.9152318388140883e-05,0.0,0.0
ATAGCCACTCT,1.9152318388140883e-05,0.0,0.0
AGTGCGTCCAC,1.9152318388140883e-05,0.0,0.0
AAAGTTAACCT,1.9152318388140883e-05,0.0,0.0
CAGGCATCTAA,1.9152318388140883e-05,0.0,0.0
ATGGCGGCCAC,1.9152318388140883e-05,0.0,0.0
ACGGGAACTGA,1.9152318388140883e-05,0.0,0.0
CCCGACTTTTT,1.9152318388140883e-05,0.0,0.0
ACAGAATCGAA,1.9152318388140883e-05,0.0,0.0
ACAGTAACGCA,1.9152318388140883e-05,0.0,0.0
ACTGCCACCAA,1.9152318388140883e-05,0.0,0.0
AAAGCGTATAA,1.9152318388140883e-05,0.0,0.0
AAGGCCACCTT,1.9152318388140883e-05,0.0,0.0
GCTGAATCCAA,1.9152318388140883e-05,0.0,0.0
AAAGACGCGTA,1.9152318388140883e-05,0.0,0.0
CTTGCGTACAC,1.9152318388140883e-05,0.0,0.0
ACAGGCGGCAA,1.9152318388140883e-05,0.0,0.0
ACTGACTCTGT,1.9152318388140883e-05,0.0,0.0
AGTGCGTCTAG,1.9152318388140883e-05,0.0,0.0
AGCGCGCCAAG,1.9152318388140883e-05,0.0,0.0
AGTGATCCCGA,1.9152318388140883e-05,0.0,0.0
AAAGTAACTAA,1.9152318388140883e-05,0.0,0.0
AACGAGACTAG,1.9152318388140883e-05,0.0,0.0
ATAGCTACGAA,1.9152318388140883e-05,0.0,0.0
AATGCTGCCCA,1.9152318388140883e-05,0.0,0.0
AAAGGAGCTCA,1.9152318388140883e-05,0.0,0.0
ACTGTGACAAA,1.9152318388140883e-05,0.0,0.00047487608702104293
AGAGCCACAGC,1.9152318388140883e-05,0.0,0.0
AGCGACCCTCC,1.9152318388140883e-05,0.0,0.0
AATGTCGCTAG,1.9152318388140883e-05,0.0,0.0
ATTGAGAAGTT,1.9152318388140883e-05,0.0,0.0
AAAGTTACTCC,1.9152318388140883e-05,0.0,0.0
ACAGGTACATA,1.9152318388140883e-05,0.0,0.0
ATAGATGCCCC,1.9152318388140883e-05,0.0,0.0
AAAGCACCGAA,1.9152318388140883e-05,0.0,0.0
ATAGTTACACC,1.9152318388140883e-05,0.0,0.0
AGTGATTCCGG,1.9152318388140883e-05,0.0,0.0
ATAGATCACGA,1.9152318388140883e-05,0.0,0.0
ATTGGCACCAG,1.9152318388140883e-05,0.0,0.0
AAGGCACCCTA,1.9152318388140883e-05,0.0,0.0
AGTGTACCCGT,1.9152318388140883e-05,0.0,0.0
ATAGTATCCAA,1.9152318388140883e-05,0.0,0.0
ACAGGTAACTA,1.9152318388140883e-05,0.0,0.0
ATGGGGGCCAC,1.9152318388140883e-05,0.0,0.0
ACAGGACCCCC,1.9152318388140883e-05,0.0,0.0
ACATTTTCTGG,1.9152318388140883e-05,0.0,0.0
AAAGTTGCACA,1.9152318388140883e-05,0.0,0.0
AAAGTGCTTTT,1.9152318388140883e-05,0.0,0.0
AAGGTGACCGA,0.0,0.005832623369814536,0.0
AGTGGAACC__,0.0,0.005472180352578806,0.0028492565221262577
ATAGTGACCAA,0.0,0.0041287109247001765,0.0
ATGGACACGGA,0.0,0.003997640736614457,0.0
ACCGCGCCTCT,0.0,0.003833803001507307,0.0
ATGGACACCTG,0.0,0.003735500360443017,0.0
AATGGAACACA,0.0,0.0037027328134215873,0.0
AATGATACCCA,0.0,0.0036699652664001574,0.0
ACGGATACAGT,0.0,0.0036044301723572973,0.0
AACGGCACTAA,0.0,0.0036044301723572973,0.0
AAGGCTGCGTA,0.0,0.0036044301723572973,0.0005342355978986733
ATAGCAACATT,0.0,0.003538895078314437,0.0
ACCGGCACTGC,0.0,0.0034733599842715775,0.0
ACTGCTCCTGG,0.0,0.0033750573432072876,0.0
AGTGAAACGGC,0.0,0.0031784520610787076,5.9359510877630366e-05
AAAGAGGCGGT,0.0,0.003145684514057278,0.0
AATGTACCTAG,0.0,0.0030801494200144177,0.0
ATCGGAGCACG,0.0,0.002949079231928698,0.0
ATAGCGCCTAG,0.0,0.002916311684907268,0.0
AAAGAACCTTA,0.0,0.002719706402778688,0.0
ATAGAGACAGG,0.0,0.002686938855757258,0.0
AATGGTCCATG,0.0,0.002654171308735828,0.0
AGTGCGTCGTC,0.0,0.002621403761714398,0.0
AGCGACTCCTC,0.0,0.002621403761714398,0.0
AATGCGACACA,0.0,0.002621403761714398,0.0
ACAGATACGTG,0.0,0.0023264958385215283,0.0
ACCGACCCAAA,0.0,0.0022937282915000985,0.0
AAAGTGCCCGT,0.0,0.0022281931974572383,0.0
ATCGAAGCGGT,0.0,0.0022281931974572383,0.0
AAAGTCACTGG,0.0,0.0021626581034143782,0.0
ATAGCAGCCTC,0.0,0.0021626581034143782,0.0
ATGGCTTCATG,0.0,0.0021298905563929484,0.0
AAAGCGTCAAG,0.0,0.0021298905563929484,0.0
AAAGGCCCGGG,0.0,0.0020971230093715185,0.0
ATGGGTTCACC,0.0,0.0020971230093715185,0.0
ACCGCAACCGA,0.0,0.0020971230093715185,0.0
AAAGCCGCCTA,0.0,0.0020971230093715185,0.0
AACGCGACTGG,0.0,0.0020315879153286584,0.0
AACGATTCCTA,0.0,0.0020315879153286584,0.0005342355978986733
AATGCAACCTT,0.0,0.0020315879153286584,0.0
AGAGTCACTGT,0.0,0.0019660528212857987,0.0
AAGGATACTCC,0.0,0.0019660528212857987,0.0
AGCGGGACAAG,0.0,0.0019660528212857987,0.0
ACCGTTTCCTC,0.0,0.0019660528212857987,0.0
AACGAACCCGT,0.0,0.0019660528212857987,0.001454308016501944
ACAGTAACAGC,0.0,0.0019005177272429386,0.0
AAGGTAACTTC,0.0,0.0019005177272429386,0.0
AACGCTACACT,0.0,0.0019005177272429386,0.0
ACTGTAACATT,0.0,0.0018677501802215086,0.000652954619653934
AGGGCAACTGA,0.0,0.0018677501802215086,0.0
ACTGTAACGGA,0.0,0.0018677501802215086,0.0
ACAGGAACTAT,0.0,0.0018677501802215086,0.0
ACGGCCCCGGA,0.0,0.0018349826332000787,0.0
ACCGCTCCACC,0.0,0.0018349826332000787,0.0
ATGGGCCCATT,0.0,0.0018022150861786487,0.0
AAGGCACCAGG,0.0,0.0018022150861786487,0.0
AATGCTTCCCA,0.0,0.0017694475391572186,0.000652954619653934
AAGGCCACTAT,0.0,0.0017694475391572186,0.0
ATGGGCTCTGC,0.0,0.0017039124451143587,0.0
AACGTATCCAA,0.0,0.0017039124451143587,0.0
ATTGCAGCAGA,0.0,0.0017039124451143587,0.0
ACTGGGACGGT,0.0,0.0017039124451143587,0.0
ACTGGAGCATG,0.0,0.0016383773510714988,0.0
ACGGTTCCCAA,0.0,0.0016383773510714988,0.0
AACGCTACGGT,0.0,0.0016383773510714988,0.0
AGTGCCGCCTT,0.0,0.0016383773510714988,0.00160270679369602
ACCGTTACCGA,0.0,0.0016383773510714988,0.0
AATGTTCCCCA,0.0,0.0016056098040500687,0.0
ACCGTGGCGGA,0.0,0.001572842257028639,0.0
AAAGGACCTAG,0.0,0.001572842257028639,0.0
ACGGGCGCTAC,0.0,0.001572842257028639,0.0
AACGCCGCTTC,0.0,0.0015400747100072088,0.0
ACCGTAACTCG,0.0,0.0015073071629857788,0.0010684711957973465
AATGCGGCATC,0.0,0.0014417720689429189,0.0
AGAGAAACCAA,0.0,0.0014417720689429189,0.0
AACGTCCCCGT,0.0,0.0014417720689429189,0.0
AGTGGATCAGC,0.0,0.001409004521921489,0.0
ACCGTTTCTTC,0.0,0.001376236974900059,0.0
ATCGGACCCCA,0.0,0.001376236974900059,0.0
AATGAATCGCC,0.0,0.001343469427878629,0.0
ACCGAAGCTTA,0.0,0.001310701880857199,0.0
ACGGTAGCCCT,0.0,0.001310701880857199,0.00023743804351052147
AAGGCTTCCAA,0.0,0.001310701880857199,0.0
AGGGCTACTTT,0.0,0.001310701880857199,0.0005639153533374885
ATTGAGTCGAA,0.0,0.001310701880857199,0.0
ATGGTCACTAC,0.0,0.001310701880857199,0.0007123141305315644
AGAGATGCGAA,0.0,0.001310701880857199,0.0
AATGTCTCTAT,0.0,0.001310701880857199,0.0
AAAGATGCGAT,0.0,0.001277934333835769,0.0
AACGAATCTAC,0.0,0.001277934333835769,0.0005935951087763036
ATTGGAACACC,0.0,0.0012123992397929091,0.0
ACTGCCTCTTG,0.0,0.0012123992397929091,0.0
ATTGGTTCAAC,0.0,0.001179631692771479,0.0
ATAGAATCCTG,0.0,0.001179631692771479,0.0
ACAGTAACTTG,0.0,0.0011468641457500492,0.0
AACGGTTCAGT,0.0,0.0010813290517071891,0.0010387914403585314
ACCGACTCGTT,0.0,0.0010485615046857593,0.0
ACAGATACCTT,0.0,0.0010485615046857593,0.0
ACAGTAGCTAA,0.0,0.0010485615046857593,0.001929184103522987
AATGTAACATT,0.0,0.0009830264106428994,0.0
AGGGTATCAAC,0.0,0.0009830264106428994,0.0
ATGATCACATT,0.0,0.0009830264106428994,0.0
ACTGCATCAAT,0.0,0.0009830264106428994,0.0
ATTGTGGCTAA,0.0,0.0009502588636214693,0.0
AAAGGCGCTTC,0.0,0.0009174913166000394,0.0
ATAGAATCAGA,0.0,0.0007864211285143195,0.0008310331522868252
ATAGAATCTGT,0.0,0.0007864211285143195,0.0
AAGGCAACTTG,0.0,0.0007864211285143195,0.0
AATGGTCCGAT,0.0,0.0006553509404285995,0.0007123141305315644
AGTGGGCCGCA,0.0,0.0006553509404285995,0.0
ACAGTTCCTTG,0.0,0.0006225833934071696,0.00047487608702104293
ACTGTGCCACA,0.0,0.0005242807523428796,0.0
AATGGAACTCC,0.0,0.0005242807523428796,0.0
ATCGGTACGCC,0.0,0.0005242807523428796,0.0
ATAGATACGAA,0.0,0.0005242807523428796,0.0007716736414091948
AAGGTATCGTT,0.0,0.0004587456583000197,0.039592793755379455
ATCGGTTCTCA,0.0,0.0004587456583000197,0.0
ACCGTATCAGA,0.0,0.0003932105642571597,0.0
AATGTCCCGTC,0.0,0.0003932105642571597,0.0001780785326328911
AACGGGACCGA,0.0,0.0003932105642571597,5.9359510877630366e-05
AACGCCCCTCA,0.0,0.00032767547021429977,0.0
ATAGTAACTCT,0.0,0.00032767547021429977,0.0
AAAGCACCATT,0.0,0.00032767547021429977,0.0
ACTGAGGCTTG,0.0,0.00032767547021429977,0.00023743804351052147
ACCGGGGCGGT,0.0,0.0002621403761714398,0.0
AGTGGCGCGTC,0.0,0.0002621403761714398,0.0
AATGAGTCGCG,0.0,0.0002621403761714398,0.0
AGAGTCCCACC,0.0,0.0002621403761714398,0.0001780785326328911
ACAGAAACAAA,0.0,0.0002621403761714398,0.0
ACGGAAACAAA,0.0,0.0002621403761714398,0.0
ATAGGGGCACA,0.0,0.0002621403761714398,0.0
ATCGGACCACA,0.0,0.00022937282915000984,0.0
ATAGTAACAAA,0.0,0.00019660528212857986,0.0
ACGGAAACTCA,0.0,0.00019660528212857986,0.0
AGAGCGCCTAC,0.0,0.00019660528212857986,0.0
ATGGCAGCACA,0.0,0.00019660528212857986,0.00011871902175526073
ATGGCGTCGAT,0.0,0.00019660528212857986,0.0
AAAGACACAAT,0.0,0.00019660528212857986,0.0
AAAGCGGCTTT,0.0,0.00019660528212857986,0.0
AGAGATTCTAC,0.0,0.00019660528212857986,0.0
AATGGGGCTAG,0.0,0.00019660528212857986,0.0
AACGTAACATT,0.0,0.00019660528212857986,0.0
AGGGCTCCGTT,0.0,0.00019660528212857986,0.0
ACTGGGTCTGT,0.0,0.00019660528212857986,0.0
AGAGTCCCACT,0.0,0.00019660528212857986,0.0
AAGGTATCCCT,0.0,0.00019660528212857986,0.0
ATAGCACCCGC,0.0,0.00019660528212857986,0.0
ACGGGTACAGT,0.0,0.00019660528212857986,0.0
AGAGCTCCAAA,0.0,0.00019660528212857986,0.0
AACGCCCCCGT,0.0,0.00019660528212857986,0.0
ATCGCTGCGCT,0.0,0.00019660528212857986,0.0
AGCGGCACTTA,0.0,0.00019660528212857986,0.0
AGCGATACTCT,0.0,0.00019660528212857986,0.0
ATCGCGCCTAC,0.0,0.00019660528212857986,0.0
AGAGTTTCT__,0.0,0.00019660528212857986,0.0
ATAGGTTCCGA,0.0,0.00016383773510714989,0.0
AGAGCGACTGT,0.0,0.0001310701880857199,0.0
AACGATCCAGG,0.0,0.0001310701880857199,0.0
ATGGGGACTTT,0.0,0.0001310701880857199,0.0
ATAGCAACAGC,0.0,0.0001310701880857199,0.0
AATGTTACGCC,0.0,0.0001310701880857199,0.0
ATGGCTACACT,0.0,0.0001310701880857199,0.0
AATGTAACAGT,0.0,0.0001310701880857199,0.0
ACCGGATCACC,0.0,0.0001310701880857199,0.0
ACTGCCACAAC,0.0,0.0001310701880857199,0.0
AGAGGGCCAGG,0.0,0.0001310701880857199,0.0
ATTGAAACAAT,0.0,0.0001310701880857199,0.0
AATGCTACACC,0.0,0.0001310701880857199,0.0
AGGGACTCAAG,0.0,0.0001310701880857199,0.0
ATAGTTCCATA,0.0,0.0001310701880857199,0.0
AAGGTAACATG,0.0,0.0001310701880857199,0.0
AGTGATGCCCT,0.0,0.0001310701880857199,0.0
AACGTATCCAT,0.0,0.0001310701880857199,0.0
ATAGATTCAAA,0.0,0.0001310701880857199,0.0
ACGGGACCTGC,0.0,0.0001310701880857199,0.0
ATAGTTTCAAC,0.0,0.0001310701880857199,0.0
ATCGCTGCTAT,0.0,0.0001310701880857199,0.0
ATTGCTGCTTA,0.0,0.0001310701880857199,0.0
ATAGAGGCAAG,0.0,0.0001310701880857199,0.0
ACTGGCCGTTA,0.0,0.0001310701880857199,0.0
ACGGAAACATT,0.0,0.0001310701880857199,0.0
AACGCGTCGGA,0.0,0.0001310701880857199,0.0
ATTGCATCACT,0.0,0.0001310701880857199,0.0
ACGGCCACATT,0.0,0.0001310701880857199,0.0
AATGGGACCAA,0.0,0.0001310701880857199,0.0
ATGGAAGCTTC,0.0,0.0001310701880857199,0.0
ACAGTGCCATA,0.0,0.0001310701880857199,0.0
ATCGGCCCTAC,0.0,0.0001310701880857199,0.0
AGTGTTACAAA,0.0,0.0001310701880857199,0.0
AACGGATCGGA,0.0,0.0001310701880857199,0.0
AATGGCGCAAT,0.0,0.0001310701880857199,0.00011871902175526073
ACCGCTACCAG,0.0,0.0001310701880857199,0.0
AACGTTACATA,0.0,0.0001310701880857199,0.0
ACAGGAACAGA,0.0,0.0001310701880857199,0.0
ACGGGGCCAGT,0.0,0.0001310701880857199,0.0
AAAGAGACGGT,0.0,0.0001310701880857199,0.0
ACTGACCCTAG,0.0,0.0001310701880857199,0.0
AATGGTACTTA,0.0,0.0001310701880857199,0.0
AAAGACGCTAT,0.0,0.0001310701880857199,0.0
ATTGTCCCTGT,0.0,0.0001310701880857199,0.0
ACCGCTGCACT,0.0,0.0001310701880857199,0.0
ACGGGCTCGGT,0.0,0.0001310701880857199,0.0
ACAGTACCCCG,0.0,0.0001310701880857199,0.0
ACAGAGGCTAC,0.0,0.0001310701880857199,5.9359510877630366e-05
ATTGCCACAGC,0.0,0.0001310701880857199,0.0
AGCGGGTCGAG,0.0,9.830264106428993e-05,0.0
ACGGCTTCGAA,0.0,9.830264106428993e-05,0.0
AATGTCCCATA,0.0,9.830264106428993e-05,0.0
ATTGTACCCGT,0.0,9.830264106428993e-05,0.0
AAAGATACGTG,0.0,9.830264106428993e-05,0.0
AACGATCCAAT,0.0,9.830264106428993e-05,0.0
ATCGAAACACT,0.0,9.830264106428993e-05,0.0
AGAGCACCATC,0.0,9.830264106428993e-05,0.0
AATGGAACAAT,0.0,9.830264106428993e-05,0.0
ATTGATGCTAA,0.0,6.553509404285995e-05,0.0
AATGATTCAGT,0.0,6.553509404285995e-05,0.0
AATGCATCTAA,0.0,6.553509404285995e-05,0.0
ACAGCTACTGA,0.0,6.553509404285995e-05,0.0
AAGGAGTCATG,0.0,6.553509404285995e-05,0.0
ACAGAAACCTT,0.0,6.553509404285995e-05,0.0
ACCGGGACAAG,0.0,6.553509404285995e-05,0.0
AACGACACACA,0.0,6.553509404285995e-05,0.0
AAGGGACCTTT,0.0,6.553509404285995e-05,0.0
AGCGCAGCACC,0.0,6.553509404285995e-05,0.0
ACCGACTCTCT,0.0,6.553509404285995e-05,0.0
AACGCCACATG,0.0,6.553509404285995e-05,0.0
AGAGAGTCACA,0.0,6.553509404285995e-05,0.0
AGTGTGACATG,0.0,6.553509404285995e-05,0.0
AACGACTTGTT,0.0,6.553509404285995e-05,0.0
AATGAGACAAG,0.0,6.553509404285995e-05,0.0
ACTGGGTCAAA,0.0,6.553509404285995e-05,0.0
ACCGTTTCTAG,0.0,6.553509404285995e-05,0.0
ACTGCATCAAC,0.0,6.553509404285995e-05,0.0
ATAGCACCTTA,0.0,6.553509404285995e-05,0.0008310331522868252
AAAGAAACAGT,0.0,6.553509404285995e-05,0.0
AAAGAACCAGA,0.0,6.553509404285995e-05,0.0
ACCGCACCTGA,0.0,6.553509404285995e-05,0.0010091116849197162
AGTGATCCAAA,0.0,6.553509404285995e-05,0.0
ATCGAAACTCG,0.0,6.553509404285995e-05,0.0
ACCGGGGCACT,0.0,6.553509404285995e-05,0.0
ACAGAATCATC,0.0,6.553509404285995e-05,0.0
AACGAGGCCGT,0.0,6.553509404285995e-05,0.0
AGAGTGACAGT,0.0,6.553509404285995e-05,0.0
AAAGTTGCAAT,0.0,6.553509404285995e-05,0.0
ACAGTCACAAG,0.0,6.553509404285995e-05,0.0
ACGGCAGCTCT,0.0,6.553509404285995e-05,0.0
AATGGACCCAT,0.0,6.553509404285995e-05,0.0
ATAGTCACTTG,0.0,6.553509404285995e-05,0.0
AATGTTCCAAC,0.0,6.553509404285995e-05,0.0
AATGCTCCTTG,0.0,6.553509404285995e-05,0.0
ATGGAAGCGGT,0.0,6.553509404285995e-05,0.0
AGAGGCGCATG,0.0,6.553509404285995e-05,0.0
ACAGCCTCCTT,0.0,6.553509404285995e-05,0.0
AAAGCCGCCAT,0.0,6.553509404285995e-05,0.0
AAAGGTACTAA,0.0,6.553509404285995e-05,0.0
AATGACCCGAT,0.0,6.553509404285995e-05,0.0
ATAGAAGCGCA,0.0,6.553509404285995e-05,0.0
AATGATCCACT,0.0,6.553509404285995e-05,0.0
ACTGGCCCCCA,0.0,6.553509404285995e-05,0.0
GTTACGAGAAA,0.0,6.553509404285995e-05,0.0
AAAGTAACGAG,0.0,6.553509404285995e-05,0.0
AAGGTCTCTCA,0.0,6.553509404285995e-05,0.000652954619653934
AGAGAACCCTC,0.0,6.553509404285995e-05,0.0
AAAGACTCTAA,0.0,6.553509404285995e-05,0.0
ACAGAAACCAA,0.0,6.553509404285995e-05,0.0
AAAGTCCCTAT,0.0,6.553509404285995e-05,0.0001780785326328911
AGTGCGTCGAC,0.0,6.553509404285995e-05,0.0
ACTGGAACTAC,0.0,6.553509404285995e-05,0.0
AAGGATACACT,0.0,6.553509404285995e-05,0.0
ACTGATACAGT,0.0,6.553509404285995e-05,0.0
AAAGGCACATC,0.0,6.553509404285995e-05,0.0
AGAGTGACCAA,0.0,6.553509404285995e-05,0.0
ATAGGG_CAGT,0.0,6.553509404285995e-05,0.0
ACTGGCACTGC,0.0,6.553509404285995e-05,0.0
ATTGTCACACT,0.0,6.553509404285995e-05,0.0
ACAGTAACCTT,0.0,6.553509404285995e-05,0.0
ACGGTTACAAG,0.0,6.553509404285995e-05,0.0
AATGAATCAGA,0.0,6.553509404285995e-05,0.0
AGAGAACCCTT,0.0,6.553509404285995e-05,0.0
GTAGGCCCTCT,0.0,6.553509404285995e-05,0.0
ATGGCGCCGCT,0.0,6.553509404285995e-05,0.0
AGGGTAATGTC,0.0,6.553509404285995e-05,0.0
AAT_GCGCCAC,0.0,6.553509404285995e-05,0.0
ATTGAGTCAGC,0.0,6.553509404285995e-05,0.0
ACAGGCGCCCG,0.0,6.553509404285995e-05,0.0
ACTGCCTCGAC,0.0,6.553509404285995e-05,0.0
AGGGTTCCTCG,0.0,6.553509404285995e-05,0.0
ACGGCAACCGG,0.0,6.553509404285995e-05,0.0
AAAGAGGCGGA,0.0,6.553509404285995e-05,0.0
ACGGTTACATT,0.0,6.553509404285995e-05,0.0
ATTGAATCGCT,0.0,6.553509404285995e-05,0.0
AAAGCCTCAAG,0.0,6.553509404285995e-05,0.0
ACAGTAACTGT,0.0,6.553509404285995e-05,0.0
ACTGCCACGGA,0.0,6.553509404285995e-05,0.0
ATCGTAGCCCC,0.0,6.553509404285995e-05,0.0001780785326328911
AACGTAACACA,0.0,6.553509404285995e-05,0.0
AACGCACCAAC,0.0,6.553509404285995e-05,0.0
AATGGTGCTCT,0.0,6.553509404285995e-05,0.0
AGCGCTACGAT,0.0,6.553509404285995e-05,0.0
AATGGTCGATG,0.0,6.553509404285995e-05,0.0
AATGCGAAACA,0.0,6.553509404285995e-05,0.0
AGAGCACCCGG,0.0,6.553509404285995e-05,0.0
AGAGAGTCAAT,0.0,6.553509404285995e-05,0.0
AATGCACCAGA,0.0,6.553509404285995e-05,0.0
ATTGCGGCTAA,0.0,6.553509404285995e-05,0.0
AAAGGGACAT_,0.0,6.553509404285995e-05,0.0
ATTGGTCCCGT,0.0,6.553509404285995e-05,0.0
ATGGAGACGCT,0.0,6.553509404285995e-05,0.0
ACCGCAGCCTC,0.0,6.553509404285995e-05,0.0
AACGCTTCGTG,0.0,6.553509404285995e-05,0.0
AGCGACACCTT,0.0,6.553509404285995e-05,0.0
ACGGATCCGCC,0.0,6.553509404285995e-05,0.0
AGAGTATCCTC,0.0,6.553509404285995e-05,0.0
AATGTCTCACT,0.0,6.553509404285995e-05,0.0
AGGGCCTCAAT,0.0,6.553509404285995e-05,0.000652954619653934
AGAGAACCGAA,0.0,6.553509404285995e-05,0.0
AGTGTATCCAT,0.0,6.553509404285995e-05,0.0
ACCGCGGCAGA,0.0,6.553509404285995e-05,0.0
ACAGTACCCGC,0.0,6.553509404285995e-05,0.0
AAGGATGCGCG,0.0,6.553509404285995e-05,0.0
AAAGAACCATG,0.0,6.553509404285995e-05,0.0
ATCGATACGAA,0.0,6.553509404285995e-05,0.0
AAAGGGGCCGA,0.0,6.553509404285995e-05,0.0
AATGTTACAAC,0.0,6.553509404285995e-05,0.0
ACAGGCCCAAG,0.0,6.553509404285995e-05,0.0
ATAGACACACG,0.0,6.553509404285995e-05,0.0
CCCGCAATGCG,0.0,6.553509404285995e-05,0.0
AATGTTACACA,0.0,6.553509404285995e-05,0.0
AGTGAACCGGG,0.0,6.553509404285995e-05,0.0
ACAGTCTCCGG,0.0,6.553509404285995e-05,0.0
ACCGGATCAGG,0.0,6.553509404285995e-05,0.0
ATCAAGTCGCC,0.0,6.553509404285995e-05,0.0
ATAGATCCAAG,0.0,6.553509404285995e-05,0.0
AAAGCAACCGA,0.0,6.553509404285995e-05,0.0
ATAGACGCATC,0.0,6.553509404285995e-05,0.0
ACAGCGTCGCC,0.0,6.553509404285995e-05,0.0
AGAGAAGCTAA,0.0,6.553509404285995e-05,0.0
AAAGCCCCGAA,0.0,6.553509404285995e-05,0.0
AATGCATCGGT,0.0,6.553509404285995e-05,0.0
ATTGCCTCACC,0.0,6.553509404285995e-05,0.0
AGTGAAACAAG,0.0,6.553509404285995e-05,0.0
ACCGCAACGCT,0.0,6.553509404285995e-05,0.0
ATCGCTACCTG,0.0,6.553509404285995e-05,0.0
ATCGAGCCTAA,0.0,6.553509404285995e-05,0.0
AATGTGCCGAA,0.0,6.553509404285995e-05,0.0
AACGCTGCGTC,0.0,6.553509404285995e-05,0.0
AGCGAGCCTGG,0.0,6.553509404285995e-05,0.0
AGTGTCTCATG,0.0,6.553509404285995e-05,0.0
AGTGCATCAGG,0.0,6.553509404285995e-05,5.9359510877630366e-05
AAAGACACACA,0.0,6.553509404285995e-05,0.0
ATAGAATCTTC,0.0,6.553509404285995e-05,0.0
AGAGTAACTAA,0.0,6.553509404285995e-05,0.0
AGAGACCCAAG,0.0,6.553509404285995e-05,0.0
AAGGTAACCTT,0.0,6.553509404285995e-05,0.0
ATTGATTCATC,0.0,6.553509404285995e-05,0.0
AATGCCACCTA,0.0,6.553509404285995e-05,0.0
AATGCTACTGA,0.0,6.553509404285995e-05,0.0
ACAGCGACATC,0.0,6.553509404285995e-05,0.0
AGAGATTCCCT,0.0,6.553509404285995e-05,0.0
AATGATTCACA,0.0,6.553509404285995e-05,0.0
ACAGGTACACG,0.0,6.553509404285995e-05,0.0
ATGGACACCGT,0.0,6.553509404285995e-05,0.0
AACGTAACAAC,0.0,6.553509404285995e-05,0.0
AATGGATCCAA,0.0,6.553509404285995e-05,0.0010684711957973465
AAAGTTCCAAG,0.0,6.553509404285995e-05,0.0
ACAGTGACTGT,0.0,6.553509404285995e-05,0.0
AAAGAGCCGAT,0.0,6.553509404285995e-05,0.0
AAGGTGACGAT,0.0,6.553509404285995e-05,0.0
AGGGATCCTCG,0.0,6.553509404285995e-05,0.0
AAGGACACCAT,0.0,6.553509404285995e-05,0.0
ACTGGCTCTAT,0.0,6.553509404285995e-05,0.0
AAAGCGACACC,0.0,6.553509404285995e-05,0.0
AAGGGTGCACC,0.0,6.553509404285995e-05,0.0
ATTGATACCAA,0.0,6.553509404285995e-05,0.0
ACCGGTTCTAG,0.0,6.553509404285995e-05,0.0
ATGGACCCGAT,0.0,6.553509404285995e-05,0.0
ACAGACTCCCT,0.0,6.553509404285995e-05,0.0
GGACAAATGAG,0.0,6.553509404285995e-05,0.0
AGAGTTACGAA,0.0,6.553509404285995e-05,0.0
AGCGAAACTTC,0.0,6.553509404285995e-05,0.0
AAATAACCTTA,0.0,6.553509404285995e-05,0.0
AAGGAGCCCCT,0.0,6.553509404285995e-05,0.0
ATTGTACCAGG,0.0,6.553509404285995e-05,0.0
AACGTACCCAA,0.0,6.553509404285995e-05,0.0
ATAGTAACTCA,0.0,6.553509404285995e-05,0.0
AATGGATCGAA,0.0,6.553509404285995e-05,0.0
AGAGAATCTGT,0.0,6.553509404285995e-05,0.0
AAAGAATCAAA,0.0,6.553509404285995e-05,0.0
ATCGTGGCGAT,0.0,6.553509404285995e-05,0.0
AGTGAAGCCAC,0.0,6.553509404285995e-05,0.0
ACTGGATCAGT,0.0,6.553509404285995e-05,0.0
ATCGAGACGAA,0.0,6.553509404285995e-05,0.0
AATGGCACGGG,0.0,6.553509404285995e-05,0.0
AAAGCAGCACC,0.0,6.553509404285995e-05,0.0
AGAGTTTCAAA,0.0,6.553509404285995e-05,0.0
ATCGCTTCAGG,0.0,6.553509404285995e-05,0.0
AATGATACTAA,0.0,6.553509404285995e-05,0.00047487608702104293
AGAGTGACGGA,0.0,6.553509404285995e-05,0.0
ACGGTAACAAG,0.0,6.553509404285995e-05,0.0
ACCGTACCCGC,0.0,6.553509404285995e-05,0.0
AAAAGGAGGTA,0.0,6.553509404285995e-05,0.0
AAGGCGACGGC,0.0,6.553509404285995e-05,0.0
ACGGTCACAAT,0.0,6.553509404285995e-05,0.0
ACCGCGGCTAG,0.0,6.553509404285995e-05,0.0
AGCGGAGCTCA,0.0,6.553509404285995e-05,0.0
ACGGCGACTTG,0.0,6.553509404285995e-05,0.0
AAGGGAGCGCT,0.0,6.553509404285995e-05,0.0
AGCGGCGCCAC,0.0,6.553509404285995e-05,0.0
ATAGCTACTGG,0.0,6.553509404285995e-05,0.0
ATCGGGGCACG,0.0,6.553509404285995e-05,0.0
AGCGCAACATA,0.0,6.553509404285995e-05,0.0
ATTGCTTCCCA,0.0,6.553509404285995e-05,0.0
ATGGCCCCATT,0.0,6.553509404285995e-05,0.0
AGGGTGACAGA,0.0,6.553509404285995e-05,0.0
ACAGTCTCAAG,0.0,6.553509404285995e-05,0.0
ATAGAGACAGA,0.0,6.553509404285995e-05,0.0
AGCGCACCCAA,0.0,6.553509404285995e-05,0.0
AACGACACTTA,0.0,6.553509404285995e-05,0.0
AGAGTCGCAGA,0.0,6.553509404285995e-05,0.0
AAGGAAGCAAC,0.0,6.553509404285995e-05,0.0
AAAGTCCCAGA,0.0,6.553509404285995e-05,5.9359510877630366e-05
AAAGGAACGTC,0.0,6.553509404285995e-05,0.003680289674413083
ACAGCATCCAG,0.0,6.553509404285995e-05,0.0
ATTGCTCCTAA,0.0,6.553509404285995e-05,0.0
AGAGGAACAAT,0.0,6.553509404285995e-05,0.0
AGAGACTCTAT,0.0,6.553509404285995e-05,0.0
AACGATTCCAG,0.0,6.553509404285995e-05,0.0
ATCGAACCAAA,0.0,6.553509404285995e-05,0.0
ACCGTGACGCA,0.0,6.553509404285995e-05,0.0
AACGGCTCCGG,0.0,6.553509404285995e-05,0.0
ACGGGGCCTGC,0.0,6.553509404285995e-05,0.0
ACCGGACCCCT,0.0,6.553509404285995e-05,0.0
ACTGGAACGCT,0.0,6.553509404285995e-05,0.0
AGGGGCTCTGC,0.0,6.553509404285995e-05,0.0
ATTGAGTCCAC,0.0,6.553509404285995e-05,0.0
AGAGCGCAGAG,0.0,6.553509404285995e-05,0.0
AATGTTTCGAT,0.0,6.553509404285995e-05,0.0
ACGGATACATT,0.0,3.276754702142998e-05,0.0
AACGTAACTCC,0.0,3.276754702142998e-05,0.0
AGAGCGACTTT,0.0,3.276754702142998e-05,0.0
ACGGACGCTAC,0.0,3.276754702142998e-05,0.0
AACGATCAACT,0.0,3.276754702142998e-05,0.0
AACGAACCCAG,0.0,3.276754702142998e-05,0.0
CTGGTCACTCC,0.0,3.276754702142998e-05,0.0
ATAGCAACAAT,0.0,3.276754702142998e-05,0.0
TCCGGGGCTGT,0.0,3.276754702142998e-05,0.0
AATGGCACACT,0.0,3.276754702142998e-05,0.0
ATCAGCCCGAG,0.0,3.276754702142998e-05,0.0
ATGGTAACTCC,0.0,3.276754702142998e-05,0.0
AACGCTCCTTC,0.0,3.276754702142998e-05,0.0
ACCGCCCCTCT,0.0,3.276754702142998e-05,0.0
ACTGTAACGTC,0.0,3.276754702142998e-05,0.0
AGTGACACGAA,0.0,3.276754702142998e-05,0.0
ACAGTAGCTTC,0.0,3.276754702142998e-05,0.0
ACTGGGTTAAA,0.0,3.276754702142998e-05,0.0
ATTGTGTCTAA,0.0,3.276754702142998e-05,0.0
AAAGTGACTGT,0.0,3.276754702142998e-05,2.9679755438815183e-05
AAAGTGACCTC,0.0,3.276754702142998e-05,0.0
ATCGAGACGCC,0.0,3.276754702142998e-05,0.0
AACGTAACGTA,0.0,3.276754702142998e-05,0.0
ATGGGGGCTAA,0.0,3.276754702142998e-05,2.9679755438815183e-05
AGGGCCTCGAT,0.0,3.276754702142998e-05,0.0
AACGAAGCTAC,0.0,3.276754702142998e-05,0.0
AATGGCACATC,0.0,3.276754702142998e-05,0.0
AAATGATCCTT,0.0,3.276754702142998e-05,0.0
ATGTACTCCCT,0.0,3.276754702142998e-05,0.0
AGCGCTGCTAT,0.0,3.276754702142998e-05,0.0
AAGGAATCTCG,0.0,3.276754702142998e-05,0.0
TTAGTTTCTTT,0.0,3.276754702142998e-05,0.0
AACGGCACAAC,0.0,3.276754702142998e-05,0.0
AAAGTTACTTA,0.0,3.276754702142998e-05,2.9679755438815183e-05
AATGTTACTTA,0.0,3.276754702142998e-05,5.9359510877630366e-05
ACAGTGACTTA,0.0,3.276754702142998e-05,0.0
ACAGCGCCTCT,0.0,3.276754702142998e-05,0.0
AGTGGAGCC__,0.0,3.276754702142998e-05,0.0
AAAGTAGCTTC,0.0,3.276754702142998e-05,0.0
AGTGGCCCATG,0.0,3.276754702142998e-05,0.0
ACAGTGACTT_,0.0,3.276754702142998e-05,0.0
AAGGTCCAATA,0.0,3.276754702142998e-05,0.0
AATGATTAAAA,0.0,3.276754702142998e-05,0.0
TTATGTACTAT,0.0,3.276754702142998e-05,0.0
ACTGGCGCAAT,0.0,3.276754702142998e-05,0.0
AACTATGCTCA,0.0,3.276754702142998e-05,0.0
AAGGTGACTGA,0.0,3.276754702142998e-05,0.0
ATTGTACATTG,0.0,3.276754702142998e-05,0.0
ACATAACCCTT,0.0,3.276754702142998e-05,0.0
AACGCGTCATG,0.0,3.276754702142998e-05,0.0
GCTGGCACATT,0.0,3.276754702142998e-05,0.0
ACCGACGCTAC,0.0,3.276754702142998e-05,0.0
AATGGAACGCA,0.0,3.276754702142998e-05,0.0
AACGGACCAAG,0.0,3.276754702142998e-05,0.0
ATTGCGTCCTC,0.0,3.276754702142998e-05,0.0
ATGGTAGCTCC,0.0,3.276754702142998e-05,0.0
ACCGAGACTCT,0.0,3.276754702142998e-05,0.0
GACGCACCAAT,0.0,3.276754702142998e-05,0.0
AAAGAGCCAAT,0.0,3.276754702142998e-05,0.0
ACAAAAATGTA,0.0,3.276754702142998e-05,0.0
ACGGCGGCATC,0.0,3.276754702142998e-05,0.0
ATTGGAACAAA,0.0,3.276754702142998e-05,0.0
AGTGAAACTGC,0.0,3.276754702142998e-05,0.0
AAGGTGAGTTG,0.0,3.276754702142998e-05,0.0
ATCGAGTCGCA,0.0,3.276754702142998e-05,0.0
AGAGGGTCGAG,0.0,3.276754702142998e-05,0.0
AACGAAACTAA,0.0,3.276754702142998e-05,0.0
ATGGCTTCGTG,0.0,3.276754702142998e-05,0.0
AGCGTGACTGT,0.0,3.276754702142998e-05,0.0
ATAGCGACTAG,0.0,3.276754702142998e-05,0.0
ACGGAGCCAGT,0.0,3.276754702142998e-05,0.0
ATGGGTTCCGA,0.0,3.276754702142998e-05,0.0
AAGGGACCCAG,0.0,3.276754702142998e-05,0.0
AATGTTACCCA,0.0,3.276754702142998e-05,0.0
AAGGATCCTTG,0.0,3.276754702142998e-05,0.0
ATGGGCACATT,0.0,3.276754702142998e-05,0.0
AAATAGGCGGT,0.0,3.276754702142998e-05,0.0
AGTGGATCAGA,0.0,3.276754702142998e-05,0.0
ATCGAAACCCT,0.0,3.276754702142998e-05,0.0
ATTGTACCAGT,0.0,3.276754702142998e-05,0.0
ATCGAGTAGCC,0.0,3.276754702142998e-05,0.0
ATAGCTGCCAG,0.0,3.276754702142998e-05,0.0
AAGGTGACAGA,0.0,3.276754702142998e-05,5.9359510877630366e-05
AAGTAATCTCG,0.0,3.276754702142998e-05,0.0
ATTGCGTCCCA,0.0,3.276754702142998e-05,0.0
ACCGCTACACA,0.0,0.0,0.020479031252782477
AGCGAGCCGCG,0.0,0.0,0.013148131659395127
AAAGCCCCATC,0.0,0.0,0.004422283560383463
ATAGAACCGTT,0.0,0.0,0.00394740747336242
AGGGTAGCCTA,0.0,0.0,0.0034428516309025613
AACGAGGCATG,0.0,0.0,0.002908616033003888
ATAGCTACCAC,0.0,0.0,0.0023150209242275843
AGTGTCACTTC,0.0,0.0,0.0020775828807170628
AGTGCTACCGG,0.0,0.0,0.0020182233698394325
ATCGGTACTCT,0.0,0.0,0.0019885436144006174
ACCGCTACAAA,0.0,0.0,0.0019885436144006174
ATAGCAACCAA,0.0,0.0,0.0019588638589618022
ACTGGAACTAT,0.0,0.0,0.0019588638589618022
AAAGCAGCAAA,0.0,0.0,0.0018401448372065414
ATAGACTCTAG,0.0,0.0,0.001780785326328911
AACGGCTCTTA,0.0,0.0,0.001780785326328911
AAAGGGTCTAC,0.0,0.0,0.0017214258154512807
ATAGCGTCCCC,0.0,0.0,0.0016917460600124655
ACCGGATCAAA,0.0,0.0,0.00160270679369602
AAGGCTGCATT,0.0,0.0,0.00160270679369602
AACGGTACAAA,0.0,0.0,0.00160270679369602
AAAGTTACTAA,0.0,0.0,0.0015433472828183896
AGTGCTACAAT,0.0,0.0,0.0014839877719407591
AGAGATACAGT,0.0,0.0,0.0014839877719407591
ATGGCAACCCT,0.0,0.0,0.0014246282610631288
AAGGTCGCTGA,0.0,0.0,0.0014246282610631288
AAAGATGCGCA,0.0,0.0,0.0013652687501854986
ACAGGCTCAAA,0.0,0.0,0.001305909239307868
AAAGTCTCGTC,0.0,0.0,0.001305909239307868
AAAGTCTCTTA,0.0,0.0,0.001305909239307868
AGCGACTCGAT,0.0,0.0,0.001276229483869053
AATGGACCCCG,0.0,0.0,0.001276229483869053
ATTGTAACGCA,0.0,0.0,0.0012465497284302378
ATAGACGCGGA,0.0,0.0,0.0011871902175526073
AGAGATCTGCA,0.0,0.0,0.0011871902175526073
AGAGCCACTTG,0.0,0.0,0.0011871902175526073
ATCGTAACGAT,0.0,0.0,0.0011871902175526073
ACCGAAACTTC,0.0,0.0,0.0011575104621137922
AGAGTTCCGCA,0.0,0.0,0.001127830706674977
ACGGTCGCAAA,0.0,0.0,0.001127830706674977
AAAGATTCTAA,0.0,0.0,0.001127830706674977
AGAGAACCGAG,0.0,0.0,0.001127830706674977
ATCGGCCCTCT,0.0,0.0,0.001127830706674977
ATAGTCTCAGC,0.0,0.0,0.0010981509512361619
AGTGCAGCAAT,0.0,0.0,0.0010981509512361619
ACGGTGTCAGA,0.0,0.0,0.0010981509512361619
AAGGATACGAA,0.0,0.0,0.0010981509512361619
AAAGATTCCGC,0.0,0.0,0.0010684711957973465
AGAGATACTCG,0.0,0.0,0.0010684711957973465
AAAGCCTCAAT,0.0,0.0,0.0010684711957973465
AAAGAGGTCAT,0.0,0.0,0.0010091116849197162
AACGCACCGGG,0.0,0.0,0.0010091116849197162
AATGTAACTAA,0.0,0.0,0.0010091116849197162
AAAGCCTCTGG,0.0,0.0,0.0010091116849197162
AGAGTATCTCT,0.0,0.0,0.0010091116849197162
ATTGTTTCATA,0.0,0.0,0.0009794319294809011
ATAGGCGCACG,0.0,0.0,0.0009497521740420859
ACGGACTCATA,0.0,0.0,0.0009497521740420859
AGCGTTACACG,0.0,0.0,0.0009200724186032707
ACAGTTACTAA,0.0,0.0,0.0009200724186032707
ATAGAGGCATA,0.0,0.0,0.0009200724186032707
AC_GTTGAG__,0.0,0.0,0.0008903926631644555
ACTGGTGCGCT,0.0,0.0,0.0008903926631644555
AGAGTCGCGGA,0.0,0.0,0.0008903926631644555
ATTGACCCAAC,0.0,0.0,0.0008903926631644555
ACTGTTACAAT,0.0,0.0,0.0008903926631644555
AGGGATGCTGA,0.0,0.0,0.0008903926631644555
AAGGAGACATA,0.0,0.0,0.0008903926631644555
AATGTATCCAT,0.0,0.0,0.0008607129077256403
AGAGATGCCTG,0.0,0.0,0.0008310331522868252
AGCGATTCAAG,0.0,0.0,0.0008310331522868252
AACGTAACGAA,0.0,0.0,0.0008310331522868252
ACGGAGGCAAG,0.0,0.0,0.0008310331522868252
ACGGCTACATT,0.0,0.0,0.0008310331522868252
ATCGTTACAAA,0.0,0.0,0.0008310331522868252
AACTGCACAGA,0.0,0.0,0.0008310331522868252
AATGACGCGGA,0.0,0.0,0.0008310331522868252
ATCGTTCCCAG,0.0,0.0,0.0008310331522868252
ATGGTACCGGA,0.0,0.0,0.0008310331522868252
AACGCATCCTA,0.0,0.0,0.0008310331522868252
AGAGAGGCTCG,0.0,0.0,0.0008310331522868252
AAGGTCACAAA,0.0,0.0,0.0008310331522868252
AAAGCTACTGA,0.0,0.0,0.0008310331522868252
AAAGCGCCAAG,0.0,0.0,0.0008310331522868252
AGGGATCCCGA,0.0,0.0,0.0008310331522868252
AACGCTTCAAT,0.0,0.0,0.0008310331522868252
ACAGAGGCCTC,0.0,0.0,0.00080135339684801
ACTGCGACGTG,0.0,0.0,0.00080135339684801
AGCGCGCCTTG,0.0,0.0,0.0007716736414091948
ATTGGGTCTG_,0.0,0.0,0.0007716736414091948
ATTGAGTCCAT,0.0,0.0,0.0007716736414091948
ACCGCTCCAAA,0.0,0.0,0.0007716736414091948
AATGTAGCCAA,0.0,0.0,0.0007716736414091948
AAGGCCCCATA,0.0,0.0,0.0007716736414091948
ATAGAGACTGT,0.0,0.0,0.0007716736414091948
ACTGTTACGAA,0.0,0.0,0.0007716736414091948
AAAGATGCATA,0.0,0.0,0.0007716736414091948
AGCGCCACAGA,0.0,0.0,0.0007716736414091948
ACTGTGCCAGA,0.0,0.0,0.0007419938859703796
ACCGTACCGCG,0.0,0.0,0.0007419938859703796
ATGGAGCCAAA,0.0,0.0,0.0007419938859703796
AGCGATCCTTC,0.0,0.0,0.0007123141305315644
ACGGTAACATG,0.0,0.0,0.0007123141305315644
AGCGCCACATT,0.0,0.0,0.0007123141305315644
AATGAGCCCGG,0.0,0.0,0.0007123141305315644
AAAGTAACAAT,0.0,0.0,0.0007123141305315644
ATTGGGCCTTA,0.0,0.0,0.0007123141305315644
AGTGCAGCGAT,0.0,0.0,0.0007123141305315644
AATGGAACTAC,0.0,0.0,0.0007123141305315644
ACAGTAACATG,0.0,0.0,0.0007123141305315644
AAACCCCCATC,0.0,0.0,0.0007123141305315644
AAAGACGCCTG,0.0,0.0,0.0006826343750927493
AGAGCATCCTA,0.0,0.0,0.0006826343750927493
ATGGCCACGTT,0.0,0.0,0.0006826343750927493
AAGGCGTCAAA,0.0,0.0,0.000652954619653934
ACCGTTACAAA,0.0,0.0,0.000652954619653934
ATTGTCACACC,0.0,0.0,0.000652954619653934
ATCGTCGCGTA,0.0,0.0,0.000652954619653934
AACGACTCAAA,0.0,0.0,0.000652954619653934
AACGACCCGCA,0.0,0.0,0.000652954619653934
AATGGTGCGTC,0.0,0.0,0.000652954619653934
AAGGTCACTAA,0.0,0.0,0.000652954619653934
ACCGTTACGGG,0.0,0.0,0.000652954619653934
AAAGTCACTGC,0.0,0.0,0.000652954619653934
ATCGCCGCAGC,0.0,0.0,0.000652954619653934
AAAGCGACCAA,0.0,0.0,0.0006232748642151189
ATTGTCTCTTA,0.0,0.0,0.0005935951087763036
ATGGGGCCATT,0.0,0.0,0.0005935951087763036
AAGGGCTCTTC,0.0,0.0,0.0005935951087763036
ACCGTATCAGG,0.0,0.0,0.0005935951087763036
AGAGTGACCCT,0.0,0.0,0.0005935951087763036
ACTGTAACATA,0.0,0.0,0.0005935951087763036
ATAGTTTCTTC,0.0,0.0,0.0005935951087763036
ATAGGAACTAC,0.0,0.0,0.0005935951087763036
AAAGGTGTTCA,0.0,0.0,0.0005935951087763036
ACCGTAACGCC,0.0,0.0,0.0005935951087763036
ATTGCCGCGGG,0.0,0.0,0.0005935951087763036
AATGTATCAAA,0.0,0.0,0.0005935951087763036
ACAGTAACTCG,0.0,0.0,0.0005935951087763036
ATAGTACCGTA,0.0,0.0,0.0005639153533374885
ACGGAAGCCTA,0.0,0.0,0.0005342355978986733
ACGGCCTCCAT,0.0,0.0,0.0005342355978986733
ACCGACGCT__,0.0,0.0,0.0005342355978986733
ATAGAAACTTG,0.0,0.0,0.0005342355978986733
AGGGTAGCAAA,0.0,0.0,0.0005342355978986733
AAAGGTTCTCA,0.0,0.0,0.0005342355978986733
ACCTGCACCCA,0.0,0.0,0.0005342355978986733
ATGGAGCCATT,0.0,0.0,0.0005342355978986733
AAGGGTCCGGT,0.0,0.0,0.0005342355978986733
AGAGTTACGAC,0.0,0.0,0.0005342355978986733
ATGGCCACCCA,0.0,0.0,0.0005342355978986733
AAAGCTACATA,0.0,0.0,0.0005342355978986733
AAGGTTGCAGA,0.0,0.0,0.0005342355978986733
AGTGTAACAGC,0.0,0.0,0.0005342355978986733
ACAGCACCCTC,0.0,0.0,0.0005045558424598581
AAGGCAACATG,0.0,0.0,0.00047487608702104293
AGCGAGACTCA,0.0,0.0,0.00047487608702104293
AATGCCCCATA,0.0,0.0,0.00047487608702104293
ACTGGGACATA,0.0,0.0,0.00047487608702104293
ACGGGATCCAT,0.0,0.0,0.00047487608702104293
AAGGGGACGAC,0.0,0.0,0.00047487608702104293
AGGGCTACATC,0.0,0.0,0.0004155165761434126
ATCGGAACAAA,0.0,0.0,0.0004155165761434126
ACGGGGTCAGA,0.0,0.0,0.0004155165761434126
AATGCGACTAA,0.0,0.0,0.0003858368207045974
ATCGAAGCTAG,0.0,0.0,0.0003858368207045974
ATAGAAACCTT,0.0,0.0,0.0003561570652657822
AATGGTGCGTT,0.0,0.0,0.0003561570652657822
ATAGCATCCAT,0.0,0.0,0.0003561570652657822
ACAGATTCACT,0.0,0.0,0.000326477309826967
AATGTAACCAG,0.0,0.0,0.000326477309826967
AACGAACCAAT,0.0,0.0,0.00023743804351052147
ACGGTTACTTA,0.0,0.0,0.0002077582880717063
ACGGACCCCAC,0.0,0.0,0.0001780785326328911
ACCGGCACCCA,0.0,0.0,0.0001780785326328911
AAAGCCCCACC,0.0,0.0,0.0001483987771940759
AAAGTTTCCGC,0.0,0.0,0.0001483987771940759
AAGGCTACTTA,0.0,0.0,0.00011871902175526073
AAGGTGTCCTC,0.0,0.0,0.00011871902175526073
ATCGCTGCCTG,0.0,0.0,0.00011871902175526073
AAGGTATCGTC,0.0,0.0,0.00011871902175526073
ATCGTGTCCTC,0.0,0.0,0.00011871902175526073
ACGGCACCTTG,0.0,0.0,0.00011871902175526073
ATCGCTTCGAA,0.0,0.0,0.00011871902175526073
AGAGTTTCGTT,0.0,0.0,0.00011871902175526073
ATAGCCCCAAT,0.0,0.0,0.00011871902175526073
AAAGTCGCTGT,0.0,0.0,8.903926631644555e-05
ATTGCCACGGT,0.0,0.0,8.903926631644555e-05
AAGGATACGAT,0.0,0.0,5.9359510877630366e-05
AAAGGATCGAA,0.0,0.0,5.9359510877630366e-05
AGAGATACTTT,0.0,0.0,5.9359510877630366e-05
ACGGCTGCCGG,0.0,0.0,5.9359510877630366e-05
AGAGTGACCGT,0.0,0.0,5.9359510877630366e-05
ATGGTTTCTAT,0.0,0.0,5.9359510877630366e-05
ATGGCATCCAT,0.0,0.0,5.9359510877630366e-05
AAAGTATCGAC,0.0,0.0,5.9359510877630366e-05
AAAGGGACAAG,0.0,0.0,5.9359510877630366e-05
AGAGTGACTTT,0.0,0.0,5.9359510877630366e-05
AATGCACCCTG,0.0,0.0,5.9359510877630366e-05
AGGGTATCTAA,0.0,0.0,5.9359510877630366e-05
AGCGCCACAGT,0.0,0.0,5.9359510877630366e-05
ACAGGCACGCG,0.0,0.0,5.9359510877630366e-05
ACCGAATCCTG,0.0,0.0,5.9359510877630366e-05
ATGGGCCCTAG,0.0,0.0,5.9359510877630366e-05
AGGGGTCCGGT,0.0,0.0,5.9359510877630366e-05
AAAGAGACCCT,0.0,0.0,5.9359510877630366e-05
ATAGCCACGGT,0.0,0.0,5.9359510877630366e-05
ACTGGAGCTAT,0.0,0.0,5.9359510877630366e-05
ACTGCGGCATA,0.0,0.0,5.9359510877630366e-05
ACCGTTACTCA,0.0,0.0,5.9359510877630366e-05
ACGGAAACTGC,0.0,0.0,5.9359510877630366e-05
AAGGATTCTAG,0.0,0.0,5.9359510877630366e-05
ACCGAATCTCG,0.0,0.0,5.9359510877630366e-05
ACTGAACCAAC,0.0,0.0,5.9359510877630366e-05
AACGGACCGTG,0.0,0.0,5.9359510877630366e-05
AACGGTCCACT,0.0,0.0,5.9359510877630366e-05
AAAGGCCA___,0.0,0.0,5.9359510877630366e-05
ATCGCTACACA,0.0,0.0,5.9359510877630366e-05
AAGGAATG___,0.0,0.0,5.9359510877630366e-05
AGAGGGCCCAA,0.0,0.0,5.9359510877630366e-05
AGGGCTACATA,0.0,0.0,5.9359510877630366e-05
ATAGAGACTAG,0.0,0.0,5.9359510877630366e-05
AGGGTAACGTG,0.0,0.0,5.9359510877630366e-05
CGTTCAGCTT_,0.0,0.0,5.9359510877630366e-05
ATCGGATCTTA,0.0,0.0,5.9359510877630366e-05
ATAGTTACTAA,0.0,0.0,5.9359510877630366e-05
ATTGCCCCAGG,0.0,0.0,5.9359510877630366e-05
AATGCTCCCCG,0.0,0.0,5.9359510877630366e-05
AACGTGGCCTC,0.0,0.0,5.9359510877630366e-05
AAGGCCCCATC,0.0,0.0,5.9359510877630366e-05
AAGGTTACTTG,0.0,0.0,5.9359510877630366e-05
AAAGCCTCTCA,0.0,0.0,5.9359510877630366e-05
AACGAATCTTG,0.0,0.0,5.9359510877630366e-05
ACAGAACCACA,0.0,0.0,5.9359510877630366e-05
AGAGCACCGAG,0.0,0.0,5.9359510877630366e-05
AAGGTTACTCA,0.0,0.0,5.9359510877630366e-05
AAAGGCGCCA_,0.0,0.0,5.9359510877630366e-05
ACCGACCCATA,0.0,0.0,5.9359510877630366e-05
AACGAGCCGCG,0.0,0.0,5.9359510877630366e-05
AACGGCCCAGC,0.0,0.0,5.9359510877630366e-05
ACAGAACCGGT,0.0,0.0,5.9359510877630366e-05
AGCGAATCTTG,0.0,0.0,5.9359510877630366e-05
AAGGTTGCTTA,0.0,0.0,5.9359510877630366e-05
ATAGAACCATT,0.0,0.0,5.9359510877630366e-05
ATGGAATCTAT,0.0,0.0,5.9359510877630366e-05
AAAGAGGCCTC,0.0,0.0,5.9359510877630366e-05
AAAGCGGCATA,0.0,0.0,5.9359510877630366e-05
ACT_GGTCAGT,0.0,0.0,5.9359510877630366e-05
AGGGTCGCGTA,0.0,0.0,5.9359510877630366e-05
GGTATCACGAG,0.0,0.0,5.9359510877630366e-05
ATAGCAACGCT,0.0,0.0,5.9359510877630366e-05
ACTGGATCCAA,0.0,0.0,5.9359510877630366e-05
ATTGCGTCCAT,0.0,0.0,5.9359510877630366e-05
ACCGCCGCATA,0.0,0.0,5.9359510877630366e-05
AAGACGTGTCG,0.0,0.0,5.9359510877630366e-05
AACGATACCAC,0.0,0.0,5.9359510877630366e-05
ACAGTAGTTCA,0.0,0.0,5.9359510877630366e-05
AATGTACCTGC,0.0,0.0,5.9359510877630366e-05
ATGGCGACTAT,0.0,0.0,5.9359510877630366e-05
AATGGCACAAC,0.0,0.0,5.9359510877630366e-05
AAAGGCCCCAA,0.0,0.0,5.9359510877630366e-05
AAGGGTACTTA,0.0,0.0,5.9359510877630366e-05
AGTGACGCAAA,0.0,0.0,5.9359510877630366e-05
AGTGCAACCAA,0.0,0.0,5.9359510877630366e-05
AAGGTACCTTT,0.0,0.0,5.9359510877630366e-05
AAAGCCCCCTC,0.0,0.0,5.9359510877630366e-05
ATGGTAACAAC,0.0,0.0,5.9359510877630366e-05
AGTGCCCCTAG,0.0,0.0,5.9359510877630366e-05
AGAGAGACTCA,0.0,0.0,5.9359510877630366e-05
AAAGCAACGAC,0.0,0.0,5.9359510877630366e-05
AGTGACACATG,0.0,0.0,5.9359510877630366e-05
AAGGCCACGGT,0.0,0.0,5.9359510877630366e-05
TACATCTCGAA,0.0,0.0,5.9359510877630366e-05
AGAGAGCCGCG,0.0,0.0,5.9359510877630366e-05
TATTTATGAAT,0.0,0.0,5.9359510877630366e-05
ATTGCTTCAGA,0.0,0.0,5.9359510877630366e-05
AATTTTTCCAT,0.0,0.0,2.9679755438815183e-05
AAGGTGACTTA,0.0,0.0,2.9679755438815183e-05
AAAGTCGCCTG,0.0,0.0,2.9679755438815183e-05
ATAGACACGTT,0.0,0.0,2.9679755438815183e-05
ACAGCGGCCGT,0.0,0.0,2.9679755438815183e-05
ACAGTTACTTA,0.0,0.0,2.9679755438815183e-05
AAGGGATCGGT,0.0,0.0,2.9679755438815183e-05
AGGGGCACGTA,0.0,0.0,2.9679755438815183e-05
ATGGCCACGAT,0.0,0.0,2.9679755438815183e-05
AATGGCGCGTC,0.0,0.0,2.9679755438815183e-05
ACCGAGCCGCG,0.0,0.0,2.9679755438815183e-05
AATGATACTTA,0.0,0.0,2.9679755438815183e-05
GATGTAACCAG,0.0,0.0,2.9679755438815183e-05
AGTGCACCCCA,0.0,0.0,2.9679755438815183e-05
ATTGCCTCAAT,0.0,0.0,2.9679755438815183e-05
ATGACATCCTG,0.0,0.0,2.9679755438815183e-05
AATGCCCCGAT,0.0,0.0,2.9679755438815183e-05
AAGGTATCTAA,0.0,0.0,2.9679755438815183e-05
AGAGAGACGGT,0.0,0.0,2.9679755438815183e-05
ACTGGTACATA,0.0,0.0,2.9679755438815183e-05
ACCGTAGCTAA,0.0,0.0,2.9679755438815183e-05
AGGGCAGCCTA,0.0,0.0,2.9679755438815183e-05
GTAGAAACCAC,0.0,0.0,2.9679755438815183e-05
ACTGGACCGTC,0.0,0.0,2.9679755438815183e-05
AGGGCTACGTA,0.0,0.0,2.9679755438815183e-05
ATGGCCACTGT,0.0,0.0,2.9679755438815183e-05
AACGGAATGTT,0.0,0.0,2.9679755438815183e-05
ATTATTTCT__,0.0,0.0,2.9679755438815183e-05
ATGGCTACGGT,0.0,0.0,2.9679755438815183e-05
TGCGACTCGAT,0.0,0.0,2.9679755438815183e-05
AGATCATCCTA,0.0,0.0,2.9679755438815183e-05
AATGCTTCATA,0.0,0.0,2.9679755438815183e-05
AACGTTACTTA,0.0,0.0,2.9679755438815183e-05
ATAGCCTCAGC,0.0,0.0,2.9679755438815183e-05
AACGGATCAGT,0.0,0.0,2.9679755438815183e-05
ACGGTTCCTAA,0.0,0.0,2.9679755438815183e-05
ACTGTATCCAT,0.0,0.0,2.9679755438815183e-05
ATTGAACCATC,0.0,0.0,2.9679755438815183e-05
AAGGTTACGTA,0.0,0.0,2.9679755438815183e-05
AACGTTTCCTC,0.0,0.0,2.9679755438815183e-05
ACAGAGCCGCG,0.0,0.0,2.9679755438815183e-05
ACCGCTACATA,0.0,0.0,2.9679755438815183e-05
ACCGCCCCATC,0.0,0.0,2.9679755438815183e-05
AAGGTATCGAA,0.0,0.0,2.9679755438815183e-05
AAAGCAACTA_,0.0,0.0,2.9679755438815183e-05
AAGGTATCTTT,0.0,0.0,2.9679755438815183e-05
AGCGAGTCGCG,0.0,0.0,2.9679755438815183e-05
AGAGTAGCCTA,0.0,0.0,2.9679755438815183e-05
TCCGCTACACA,0.0,0.0,2.9679755438815183e-05
ACCGCTACAGA,0.0,0.0,2.9679755438815183e-05
AAGGTATCGGT,0.0,0.0,2.9679755438815183e-05
AACGTGTCCGC,0.0,0.0,2.9679755438815183e-05
ATGGCGTCAGA,0.0,0.0,2.9679755438815183e-05
CCTGCCGCAAT,0.0,0.0,2.9679755438815183e-05
AATCCCCCATC,0.0,0.0,2.9679755438815183e-05
ATTGCGTAAAA,0.0,0.0,2.9679755438815183e-05
AAAGCACCCTA,0.0,0.0,2.9679755438815183e-05
TAAGCACCATA,0.0,0.0,2.9679755438815183e-05
AATGCTAAAAA,0.0,0.0,2.9679755438815183e-05
ATTGCGTGAGA,0.0,0.0,2.9679755438815183e-05
AAACCCCAATC,0.0,0.0,2.9679755438815183e-05
AATGCAAAAAA,0.0,0.0,2.9679755438815183e-05
ATTGCGTCATA,0.0,0.0,2.9679755438815183e-05
AATCCTAATAA,0.0,0.0,2.9679755438815183e-05
AGAGAACCGTT,0.0,0.0,2.9679755438815183e-05
TCAGCGGTCGT,0.0,0.0,2.9679755438815183e-05
ATTGATCCAAC,0.0,0.0,2.9679755438815183e-05
AAAGACGCCTA,0.0,0.0,2.9679755438815183e-05
ACGATGTCAGA,0.0,0.0,2.9679755438815183e-05
AAGGACACGAA,0.0,0.0,2.9679755438815183e-05
AACGGCACAAG,0.0,0.0,2.9679755438815183e-05
AGGGAGACGTG,0.0,0.0,2.9679755438815183e-05
ATCGGTAATCT,0.0,0.0,2.9679755438815183e-05
GTTGCGTCCCC,0.0,0.0,2.9679755438815183e-05
GGAGGAAAGTG,0.0,0.0,2.9679755438815183e-05
ATCGAAACAAA,0.0,0.0,2.9679755438815183e-05
AACGATCCCCT,0.0,0.0,2.9679755438815183e-05
ACTAGTACAGT,0.0,0.0,2.9679755438815183e-05
AACGTTCCACT,0.0,0.0,2.9679755438815183e-05
AACAACCCACT,0.0,0.0,2.9679755438815183e-05
AGAGCTCCGAG,0.0,0.0,2.9679755438815183e-05
ACTGACACAAG,0.0,0.0,2.9679755438815183e-05
ACAGACGCAAT,0.0,0.0,2.9679755438815183e-05
ATCGCTACAAT,0.0,0.0,2.9679755438815183e-05
AAATATTCCGC,0.0,0.0,2.9679755438815183e-05
ATAGCTACCAA,0.0,0.0,2.9679755438815183e-05
ATAGTAACGTA,0.0,0.0,2.9679755438815183e-05
ACTGTGACAGA,0.0,0.0,2.9679755438815183e-05
AGAGACGCTAT,0.0,0.0,2.9679755438815183e-05
ATTTTTTCATA,0.0,0.0,2.9679755438815183e-05
ATAGCGTCACC,0.0,0.0,2.9679755438815183e-05
ACTGGACCGAA,0.0,0.0,2.9679755438815183e-05
ATCTAATCGAT,0.0,0.0,2.9679755438815183e-05
ATTGTCTCAGC,0.0,0.0,2.9679755438815183e-05
AGAGTTTCGCA,0.0,0.0,2.9679755438815183e-05
ACAGGAGCTAA,0.0,0.0,2.9679755438815183e-05
ATATAAACCCT,0.0,0.0,2.9679755438815183e-05
AGGGGGTATAA,0.0,0.0,2.9679755438815183e-05
AATCCCCG___,0.0,0.0,2.9679755438815183e-05
AAGCCGAAAAA,0.0,0.0,2.9679755438815183e-05
AAAGCGACTAA,0.0,0.0,2.9679755438815183e-05
AAGGCAACAAA,0.0,0.0,2.9679755438815183e-05
TATGCATCCTG,0.0,0.0,2.9679755438815183e-05
